place_id;place_was_nullated;place_no_end;place_time;place_size;Юридическое лицо, на имя которого выдано регистрационное удостоверение
ChIJ-4GgOlNKtUYRJAfJskWS2Sc;1.0;1.0;;1;Стерлинг С.п.А.
ChIJ-4cQ_OZKtUYRExFrr8SNW8U;1.0;1.0;;2;Фармпрепарат ООО
ChIJ-71jTXJKtUYRg0kDkPoNglI;1.0;0.8205128205128205;1826.095238095238;117;"ОАО ""Красногорсклексредства"""
ChIJ-8ek18xJtUYR3JOmVnhoXCE;0.9733333333333334;0.8401754385964912;1826.2666666666667;103;Уралбиофарм ОАО
ChIJ-9R0KTpKtUYR0r_MbfEmUNg;0.6923076923076923;0.3076923076923077;1866.6666666666667;13;НИОПиК ГНЦ ФГУП
ChIJ-V3heS5ItUYRMtZ3IYkbNBg;1.0;0.3333333333333333;1827.0;4;"Открытое акционерное общество ""Национальные биотехнологии"""
ChIJ-VjiQOxMtUYRWnZshldLBbE;1.0;0.8260869565217391;1826.0;23;Биотест Фарма ГмбХ
ChIJ-Z0KlhBKtUYRarrGx1rq6v4;1.0;1.0;;17;Хармс ООО
ChIJ-ZQGNPVItUYRu5Y8oRzS49A;0.875;0.46153846153846156;1826.0;17;"ООО ""Диамед"""
ChIJ-_eqJ79KtUYRiRk7RGZIhuw;1.0;0.6666666666666666;1826.0;3;"Общество с ограниченной ответственностью""АРНО"" (ООО ""АРНО"")"
ChIJ-dskp91LtUYR3RHG_D4cHSE;0.8880226553389972;0.7484257871064468;1802.5555555555557;103;Новартис Консьюмер Хелс СА
ChIJ-xwVCQxMtUYR3b3rG1yjJbw;1.0;0.7692307692307693;1826.6666666666667;13;Адифарм ЕАД
ChIJ-y1lmGyzSkERpuSgrd0G15M;1.0;1.0;;2;Институт иммунологии Инк
ChIJ-yDxtkVKtUYR6StRAzK969o;0.75;0.75;1340.0;4;Технолог СКТБ ФГУП Минобразования России
ChIJ-yPEoN1LtUYR3SAcZlpiytU;1.0;1.0;;8;ДжиИ Хэлскеа Лимитед
ChIJ-zHoPnZJtUYR8D_m_FLE-Ec;0.9507734893902938;0.7330517011558567;1895.8260010822512;834;Яньтай Луинь Фармасьютикал Ко.Лтд
ChIJ055xDOdKtUYR-eYTXo8MdQQ;0.8072916666666666;0.5809727218225419;1679.5333333333333;233;"Федеральное государственное унитарное предприятие ""Московское производственное химико-фармацевтическое объединение имени Н.А.Семашко"" (ФГУП ""Мосхимфармпрепараты"" им.Н.А.Семашко)"
ChIJ05QspB5LtUYRdkJWcjvmNeU;0.0;0.0;1826.0;2;Амершам ПЛК
ChIJ082evx9LtUYRfteuOWQcgD8;0.9411764705882353;0.9159663865546219;2072.013888888889;151;Федеральное государственное унитарное предприятие «Научно-производственное объединение по медицинским иммунобиологическим препаратам «Микроген» Министерства здравоохранения и социального развития Российской Федерации (ФГУП «НПО «Микроген» Минздравсоцразвития России)
ChIJ0RgjeQ5LtUYRa85IpR6Gpps;1.0;0.85;1826.5;10;Пульмомед ЗАО
ChIJ0WEG0TdKtUYRrl5SpImyvi4;1.0;1.0;;2;"Акционерное общество ""Национальная иммунобиологическая компания"""
ChIJ0x4ZcABNtUYRHj12MvSugMI;0.6666666666666666;0.5714285714285715;1826.0;9;Лаборатория Шовен С.А.
ChIJ0x4ZcABNtUYRNYiN1xo_36U;1.0;1.0;;1;"ЗАО ""Орматек"""
ChIJ11dA3qNNtUYR7esOAuRRHG8;1.0;1.0;;1;Лаборатории де ла Мер
ChIJ169c7yLLSkERcCg4cm09pe0;0.0;0.0;1826.0;3;Флора-Фарм ООО
ChIJ17ogUk02tUYRraUjT8ysTXs;1.0;0.8666666666666667;1827.0;15;"Закрытое акционерное общество ""Северная звезда"""
ChIJ19AqLYVLtUYRMk9cSQJx_4o;1.0;0.6666666666666666;1826.0;3;"OOO ""Лаборатория Тоскани"""
ChIJ1XHxuepMtUYRiGkJsZlI7fg;1.0;1.0;;1;ЗаК Систем
ChIJ1Xij55IxtUYROT8klIGiRTg;1.0;0.8205128205128205;1826.0;46;"ООО ""Биоком-Технология"""
ChIJ1Y-iUoVMtUYRoda8S9f79PU;1.0;0.625;1827.0;5;"ПАО ""Институт стволовых клеток человека"""
ChIJ1ZcjxhRJtUYR6BNLTFnqWtk;1.0;0.0;1827.0;2;"ООО ""РегАрд"""
ChIJ1ab4GGZKtUYRMJHfFVPD_5A;0.0;0.0;1826.5;2;Рестер ЗАО
ChIJ1ev-xNpMtUYRfeRXGKz2phs;0.993421052631579;0.9013157894736843;1816.2666666666667;79;Торрент Фармасьютикалс Лтд.
ChIJ1xKKCBZLtUYRGwyX_KhLurQ;1.0;0.5;1826.3;12;"Общество с ограниченной ответственностью ""ЕСКО Фарма"""
ChIJ1zmbgUmtSkER_hO3YJ3iw_I;0.967391304347826;0.7880434782608696;1826.06;127;Северная звезда Лтд ЗАО
ChIJ21Kfq2lKtUYRG0AGD4nZJBI;1.0;1.0;;1;Медико ГмбХ
ChIJ21M6PM5KtUYRlFa8IKckelE;1.0;1.0;;4;"ЗАО ""Медминипром"""
ChIJ21Phg59NtUYREiKY3ONUP1g;1.0;0.0;1826.0;1;Новосибирский испытательный центр ЗАО
ChIJ22wB17RItUYRgDp9AddBccs;1.0;1.0;;3;3М Еспе АГ
ChIJ24N2wh02tUYRVvMlyaYLblI;1.0;0.7142857142857143;1826.0;8;Еврофарм (ЮК) Ко.Лтд
ChIJ26B5Wb5KtUYRGp76xU7Fhl8;0.9906129653401797;0.8739650192554558;1803.0388888888888;120;Эйсбрайт (Индия) Фарма Пвт. Лтд.
ChIJ2QSFQgNLtUYRRQ39SoWIDVU;0.0;0.0;1826.0;1;Красноярский завод цветных металлов имени В.Н.Гулидова ОАО
ChIJ2R3IXS61SkER8bA70jNmUgU;1.0;1.0;;1;"ООО ""Пласт"""
ChIJ2SpUsga1SkERkoTo0jrOvyA;1.0;0.625;1826.6666666666667;24;"Закрытое акционерное общество ""Алтайвитамины"""
ChIJ2TpyxUSzSkEROUcye5z2pqc;1.0;0.25;1826.0;4;"ООО ""Квадрат-С"""
ChIJ2WgtSORutUYR5qlWbKWqgUM;0.9107317073170732;0.5515718157181573;1826.2587878787879;119;"Общество с ограниченной ответственностью ""Крка-Рус"""
ChIJ2XVxNqxLtUYRNKQtOxpOOLk;1.0;1.0;;1;Серб С.А.
ChIJ2_BSWyI1tUYRmrqJnA0RObY;1.0;0.8333333333333334;1826.0;6;Альфасигма С.п.А.
ChIJ2yXt3UZNtUYRtV3Jor6xIPM;0.16666666666666666;0.0;1826.0;6;Биореактор ООО
ChIJ3-JqYa_LSkERR4ryvgC19bg;1.0;1.0;;1;Шюльке и Майр ГмбХ
ChIJ30Hy2PtOtUYRwCnaSntJXBw;1.0;0.3384920634920635;1826.4128205128204;67;К.О.Ромфарм Компани С.р.Л.
ChIJ32WImj02tUYRgZrN0dotHjg;1.0;1.0;;3;"Общество с ограниченной ответственностью ""Центр иммунотерапии ""Иммунохелп"" (ООО ""ЦИ ""Иммунохелп"")"
ChIJ33FmvKBLtUYRX-HE67N06w0;1.0;0.0;1826.0;1;"ООО ""Гамма"""
ChIJ346hXzBKtUYRgbNAwtF4kr4;1.0;1.0;;3;"ООО Медицинская Корпорация "" РАНА"""
ChIJ380aAk1ItUYRx2xyZEUYepk;1.0;0.0;1826.0;1;Хай Тех Фарм. Ко.Лтд
ChIJ38l8tqJOtUYRpxZ50QLsIqo;1.0;1.0;;3;"ООО ""Инитиум-Фарм"""
ChIJ3QjENPW0SkER_g3YiCV1g-M;0.75;0.5;1826.0;4;Меда АБ
ChIJ3UUKX9dMtUYR40aP8tO3EwQ;1.0;0.125;1826.0;8;"ООО ""Виренд Интернэйшнл"""
ChIJ3UaGaNRLtUYRLBn2gksA1Ac;0.8751758181328159;0.5453534468773137;1750.051282051282;542;КРКА, д.д., Ново место, Словения
ChIJ3Vw1Vm9NtUYRZaxBRnQIIKA;1.0;0.6666666666666667;1826.0;26;Доктор Вильмар Швабе ГмбХ и Ко.КГ
ChIJ3Vw1Vm9NtUYRzT_Y8pBkAfg;1.0;0.7466666666666667;1826.4166666666667;39;Немецкий Гомеопатический Союз ДХУ-Арцнаймиттель ГмбХ и Ко.КГ
ChIJ3_b-tWVKtUYRG6HzNW_J0Ik;1.0;1.0;;5;Унифарм АО
ChIJ3aIdmd1LtUYRF1J66aN6108;0.8885780885780886;0.9344306100403661;1826.3214285714284;146;Нордик Фарма с.р.о.
ChIJ3abSqGRKtUYRIFnzLupS77o;1.0;1.0;;1;ООО «Буарон»
ChIJ3anQmFrHSkERHxrvpgZiFi4;1.0;1.0;;2;Международный центр медицинской пиявки ЗАО
ChIJ3c2zi59NtUYRkcMQBKd0U9I;1.0;1.0;;5;"ЗАО ""Институт фармацевтических технологий"""
ChIJ3cdO4_YitUYR1bzDyBHXDZ4;1.0;1.0;;1;Фитасинтекс ООО
ChIJ3dmEX3VJtUYRGmeEspH2iDI;1.0;1.0;;5;Вируд ГмбХ
ChIJ3yTFYkw4tUYRd4aIF6HTOpc;1.0;1.0;;3;"Общество с ограниченной ответственностью ""Лекарь"""
ChIJ3yVtE0LJSkER5dTUFzQKhew;1.0;0.9199999999999999;1826.5;47;Ретиноиды ФНПП ЗАО
ChIJ4-Ay-9pNtUYRqAtOS1OnNv8;0.9924242424242424;0.9166666666666666;1826.0;43;Корал-Мед ЗАО
ChIJ40vn4o5JtUYRimdHui9Nazo;0.5;0.0;1826.0;2;Московский научно-исследовательский онкологический институт им. П.А.Герцена
ChIJ42wbbvZKtUYRl_ETCnTBeu4;1.0;0.0;1826.0;1;"ООО ""Мариинск-газ"""
ChIJ44yfOVNUNUERU61wdaFJGV4;1.0;0.41666666666666663;1826.3333333333333;9;Рус Фарм Продукт ООО
ChIJ468HEkRItUYRo75b3N3cp2s;1.0;1.0;;1;"Федеральное государственное учреждение здравоохранения ""Центр крови"" ФМБА"
ChIJ46ta6j1KtUYRIIJzzfRxgjU;1.0;0.0;1826.0;3;ОМ Фарма
ChIJ47AWB49-FEERccQwKMJYXzM;1.0;0.0;1826.0;2;Химсинтез НПО ЗАО
ChIJ47Q-lrZLtUYRzCayGjKlQGc;1.0;0.0;1826.0;2;Шайер АГ
ChIJ49OKNolKtUYR9oByngHVIH0;0.8979591836734694;0.7755102040816326;1826.1818181818182;49;ратиофарм ГмбХ
ChIJ49kKHDy0SkERbr2Y-IZz4v4;1.0;1.0;;1;"Общество с ограниченной ответственностью ""Лан-фарм"" (ООО ""Лан-Фарм"")"
ChIJ4Q-C2dFLtUYRQeifsxMkPkY;1.0;0.8355263157894737;1826.5;42;"ООО ""Русфик"""
ChIJ4SJ7gnU3tUYRWLkAPXSWDmk;1.0;0.0;1826.0;1;Микрохирургия ООО
ChIJ4Vwh7RFYtUYR5YGLD2e7J5s;1.0;1.0;;1;Скора
ChIJ4c4CYx1KtUYR89Vw_gDG9p8;1.0;0.44021739130434784;1826.578431372549;28;"Общество с ограниченной ответственностью ""Нанолек"" (ООО ""Нанолек"")"
ChIJ4eb26DpKtUYRcXW-XP4jE1Y;1.0;0.8;1826.0;5;"ООО ""Вета-Гранд"""
ChIJ4futqrdLtUYRIT4BvUFnibM;0.0;0.0;1826.0;1;АТК ЗАО
ChIJ4fyz2bNLtUYRT37KnmZUJJc;1.0;0.6666666666666666;1547.0;10;"Общество с ограниченной ответственностью  ""Научно-исследовательский институт Медицины и стандартизации"" (ООО """"Научно-исследовательский институт Медицины и стандартизации"")"
ChIJ4w5Mw8bU3UMRTRqwLhVueGA;0.9644444444444444;0.7122222222222222;1819.3690476190477;140;АстраЗенека ЮК Лтд
ChIJ4weGeDiySkERhqDKPJepqOI;1.0;1.0;;14;"Общество с ограниченной ответственностью ""Медицинский научно-производственный комплекс ""БИОТИКИ"" (ООО ""МНПК ""БИОТИКИ"")"
ChIJ4xjzpN1LtUYR0ZlLBxiSWAc;0.5727272727272728;0.15757575757575756;1826.2428571428572;71;Эли Лилли энд Компани Лимитед
ChIJ4xjzpN1LtUYR7rOz674wlMY;0.971229293809939;0.6342744729841504;1779.4509803921567;81;"Общество с ограниченной ответственностью ""Берлин-Хеми/А. Менарини"""
ChIJ4xjzpN1LtUYRDv4p0PPL69Y;1.0;0.8045112781954887;1826.3846153846155;134;Пфайзер Инк.
ChIJ4xjzpN1LtUYRiwQ07viSsBg;0.0;1.0;;1;Лилли Франс
ChIJ4zYSmhOoSkERS3QWboOmrZg;0.9285714285714286;0.6882352941176471;1826.3333333333333;66;ЗиО-Здоровье ЗАО
ChIJ53bpiXtLtUYRz3pcucix9QQ;1.0;1.0;;3;"ФГБУ науки ""Институт химии твердого тела и механохимии"" Сибирского отделения РАН (ИХТТМ СО РАН)"
ChIJ54jeSIhStUYRbcp8GS0QypM;0.0;0.0;1826.0;1;Бакстер С.А. де С.Б.
ChIJ553K2LZEtUYRhzbykHhrmtA;0.9545454545454546;0.8863636363636364;1826.0;30;Фермент Фирма ООО
ChIJ5S90l9lHtUYRQPEZB5y2zIY;1.0;0.6451612903225806;1826.5454545454545;31;Амджен Европа Б.В.
ChIJ5V0ZeAXASkERE6483URya6Y;0.71875;0.0;1826.0;17;Фармакон ОАО
ChIJ5XVxn8JKtUYRczn69jOkjv4;1.0;0.6458333333333334;1782.4375;56;Ипсен Фарма
ChIJ5XdS5rRLtUYRKHxBa11FM2M;1.0;0.4259259259259259;1826.1666666666667;12;Представительство АО Биокодекс
ChIJ5yWOikw2tUYR0PH3nvnsx2c;1.0;1.0;;1;Неовий Биотех ГмбХ
ChIJ5yzpDWHKSkERIxXsUvrW6Fw;1.0;0.4;1826.0;5;Славянская аптека ООО
ChIJ65qH_ec5tUYRyqbFA00vVqM;0.75;0.25;1826.3333333333333;4;Самарамедпром ОАО
ChIJ6SgS-INOtUYRVJ6GdctX8Pc;1.0;1.0;;1;"ЗАО ""Зеленоградское иммунобиологическое предприятие"" (ЗАО ""ЗИП"")"
ChIJ6VPxt6NLtUYR3XgwKqK4w34;0.9433523567956034;0.8114563517226802;1826.125;124;Реанал ЗАО
ChIJ6XDCYZZLtUYRvlYlAN8f6GQ;1.0;0.803030303030303;1792.8461538461538;100;Фрезениус Каби Дойчланд ГмбХ
ChIJ6XK8Q5tMtUYRByy52OL8xtg;1.0;1.0;;2;"ООО ""ПрофиФарм"""
ChIJ6XkfQkpItUYRuOThoB0di5g;1.0;1.0;;5;Олигофарм ООО
ChIJ6eS_I-a3SkERmG4fkNwuz-M;1.0;1.0;;1;"ООО ""Гирудо-Мед"""
ChIJ6fxJaaBNtUYR-b1q18cgn9A;1.0;1.0;;1;м
ChIJ6xIHYka1SkERc-eFU7L6eQE;0.9826086956521738;0.7751156153474443;1821.9263556008839;425;"ПАО ""Биосинтез"""
ChIJ6zAdFaY2tUYRo2YlwzFkya4;0.964625850340136;0.6234955520669807;1774.595238095238;73;Ярославская фармфабрика ЗАО
ChIJ7-g75qRLtUYRUmiPP4pO2nI;0.6111111111111112;0.29365079365079366;1323.6666666666667;15;Центр по химии лекарственных средств ФГУП (ЦХЛС-ВНИХФИ)
ChIJ70mdvUhMtUYRxhL6U89CfeI;0.6666666666666666;0.5;1826.5;5;Семруг республиканский НПЦ ЗАО
ChIJ72hdEKezSkER1d47m2UtWOc;1.0;0.9777777777777779;1826.0;18;"ООО ""Инфамед"""
ChIJ7THXLpA0tUYRIFfqe4HikkY;1.0;0.4;1826.0;5;"ООО ""Трим"""
ChIJ7UfpZbzKSkERdaoWQM5juzE;1.0;0.8333333333333333;1826.0;4;Фармацевт ООО
ChIJ7VhZP11KtUYRwV53b-MNJ4I;1.0;1.0;;1;Центральная аптека Федеральной службы безопасности РФ ФГУ
ChIJ7VhbMRawSkERuVgrOqbWz-A;1.0;1.0;;1;"ОАО ""Московский коксогазовый завод"""
ChIJ7Z7jPn82tUYRjbLVccw3LxQ;1.0;0.9876543209876543;1827.0;54;"Общество с ограниченной ответственностью ""Производственно-фармацевтическая компания ""Пребенд"" (ООО ""ПФК ""Пребенд"")"
ChIJ7_crvkZKtUYRQhWXhEIYxP8;1.0;0.0;1826.0;1;Искра Индустри Ко.Лтд
ChIJ7duiWYhHtUYRCMm0fy2zgT8;1.0;0.5714285714285714;1826.1666666666667;14;"ООО ""Валерия"""
ChIJ7ewtEABHtUYRsGxVgMFa83M;1.0;0.65;1826.0;20;"ЗАО ""Аптеки 36.6"""
ChIJ7fU_PlizSkERe58hTrE18iE;0.8464611872146118;0.5567898653857557;1822.8794314796426;237;"СОАО ""Ферейн"""
ChIJ7x641Wu0SkERlMJoMP09Pi8;1.0;0.0;1826.0;1;Рона ООО
ChIJ84SDy71LtUYRkJUs7Vkj2Mk;0.6785714285714286;0.5892857142857143;1826.3333333333333;37;Пьер Фабр Медикамент Продакшн
ChIJ85yfNbJMtUYRN66tPNPWETM;1.0;1.0;;33;Бионорика СЕ
ChIJ89412GU1tUYR_1lUZ3lrKAo;0.0;1.0;;1;Лек С - Фирма ООО
ChIJ8SMv9r01tUYR9yO1ZQb3F4I;1.0;0.5;1645.25;8;Фармакосмос А/С
ChIJ8YJJ5-NOtUYREcwexB-dBoE;1.0;1.0;;3;Десма ГмбХ
ChIJ8bC7hjxKtUYRd0SumLdmHhE;1.0;0.0;1826.0;2;НоваМедика ООО
ChIJ92MikZxJtUYRXfZmj1F9DXw;1.0;1.0;;1;"ПАО ""Химико-фармацевтический завод ""Красная Звезда"""
ChIJ98uRSrhMtUYR2XDNr6N-2Y0;1.0;0.25;1826.125;10;ВетПром АД
ChIJ9SRaL_VKtUYRHbLdHom1Ejg;1.0;1.0;;1;АЗАД Фарма АГ
ChIJ9Sy8AeHKSkER2Koegq87fno;0.75;0.5833333333333333;7773.0;5;Старт-Фито ООО
ChIJ9U2frUM0tUYRf6JtzAQZKlg;1.0;0.3333333333333333;1826.2;15;"Общество с ограниченной ответственностью ""Атолл"""
ChIJ9ZYG-qE2tUYR3nk-TKZBYZI;1.0;0.5778985507246377;1826.2652482269505;137;"Закрытое акционерное общество ""Вертекс"""
ChIJ9aEgpdA3tUYRNaM14QsR7MY;1.0;0.0;1826.0;1;Лекарь ООО
ChIJA0eVtyDQSkERGe7g1MFzr74;0.9444444444444445;0.6296296296296297;1826.0;21;"ОАО ""Завод химреактивкомплект"""
ChIJA51Vz0BNtUYRMD7usBUCauk;0.9459459459459459;0.6216216216216216;1826.142857142857;37;"АО ""Софарма"""
ChIJA7Ml72qzSkERbN4BJHMFihY;1.0;1.0;;21;"ООО ""АнвиЛаб"""
ChIJAQAAAGdKtUYRLENRd5MZgUA;1.0;0.5416666666666667;1827.8333333333335;34;Др. Фальк Фарма ГмбХ
ChIJAQAAAGdKtUYRnnI4kQsRIaE;1.0;0.0;1826.0;1;Микрофарм ООО
ChIJAQDMt-NKtUYRM4Emp4K--ZI;0.8412285295349812;0.48394253595866504;1738.4568452380952;270;Санофи-Авентис груп
ChIJARXz2C5NtUYRUIrP68ZVWKk;0.16666666666666666;0.16666666666666666;1826.0;6;Биофарма ЗАО
ChIJAS6Ddv1LtUYRQJq3r1QJDWI;0.9464285714285714;0.75;1826.357142857143;56;медак ГмбХ
ChIJASLfwkSzSkERFo99dVvWVHc;1.0;0.0;1826.0;1;"Общество с ограниченной ответственностью ""МБА-групп"""
ChIJAT0m7cBMtUYRaGssaLKdlXA;1.0;0.6666666666666666;1827.0;3;"ООО ""Азотно-кислородный завод"""
ChIJAYNGsG5MtUYRKIQegK7V9Q4;0.9565217391304348;0.8467656415694591;1826.2037037037037;146;"ООО ""Лек С+"""
ChIJAYNGsG5MtUYRZwgIepfWna0;0.5;0.5;1826.0;3;"ООО ""НПК ""Медбиофарм"""
ChIJAYNGsG5MtUYRdU7JW2ahjnM;1.0;0.75;1827.0;4;"ООО ""Самсон-Мед"""
ChIJAYNGsG5MtUYRfTcZELT-joQ;1.0;1.0;;3;"Закрытое акционерное общество ""Вектор-БиАльгам"""
ChIJAYNGsG5MtUYRppeZmBjxeA4;0.9;0.4;1826.0;10;Полисинтез ООО
ChIJAZ1wQi1GtUYRtRCFaE4J4V4;1.0;1.0;;1;"ООО ""Астрафарм"""
ChIJA_KtCfJJtUYRCm1u8LmzDvc;1.0;0.0;1826.0;1;"ОАО ""Машиностроительная компания КРАНЭКС"""
ChIJAayCoAs1tUYREMnAFDMSVXk;0.5714285714285714;0.14285714285714285;1826.1666666666667;7;Хемофарм концерн А.Д.
ChIJAyCa5VBLtUYRv8m3Jetvf-4;1.0;0.8896103896103896;1826.235294117647;80;Б.Браун Мельзунген АГ
ChIJB0-ZXAdKtUYREugGKB6cnIk;1.0;0.7333333333333333;1826.25;15;Герот Фармацойтика ГмбХ
ChIJB0-ZXAdKtUYRzMPB2x5rufY;1.0;0.6666666666666666;1826.142857142857;21;Ланнахер Хайльмиттель ГмбХ
ChIJB4F09IJJtUYRGlmJbvZ62vE;0.96875;0.875;1826.0;32;Бакстер АГ
ChIJB4Z_bqBItUYRTdq3ynqX9KQ;1.0;0.5666666666666667;1862.25;13;Пептоген Инновационный научно-производственный центр ЗАО
ChIJB9kGrdZKtUYRGki17GY4QH4;1.0;1.0;;7;"ООО НПК ""ФармХимКомплект"""
ChIJBQQcmwVJtUYROQideVc0ugU;0.6363636363636364;0.0;1826.0;22;Техмедсервис ЗАО
ChIJBQtckcJLtUYRUBV3s1BOX5A;1.0;0.0;1826.0;3;Аптеки 36.6 ЗАО
ChIJBW-HVze1SkERmWo9580bjhU;1.0;0.829891451601978;1682.2357142857145;229;"Федеральное государственное унитарное предприятие ""Московский эндокринный завод"""
ChIJBWq9V11ItUYR7FmnCMndC4M;1.0;0.0;1827.0;1;Российский НИИ гематологии и трансфузиологии ФМБА ФГУ
ChIJBZpUEotJtUYRoaADFv92i_s;1.0;1.0;;12;Самсон-Мед ООО
ChIJBb2QJkBNtUYRIcVoSdHPxx8;1.0;0.5833333333333334;1826.0;7;Пептек ЗАО
ChIJBb2QJkBNtUYRMpHmqeI3c0s;1.0;1.0;;19;Центр Пептос ЗАО
ChIJBb2QJkBNtUYRVbMkr69nn_I;0.6666666666666666;0.6666666666666666;1826.0;8;Комбиотех НПК ЗАО
ChIJBb2QJkBNtUYRebKm_xR9Qto;1.0;1.0;;7;"ФГБУ науки ""Институт биоорганической химии им.академиков М.М.Шемякина и Ю.А.Овчинникова"" РАН  (ИБХ РАН)"
ChIJBbilcUcxtUYRaR7QYlzl_DQ;1.0;0.5;1826.0;2;"ООО ""Реванш"""
ChIJBcgZYB1ItUYR0JQxxN47AFs;1.0;1.0;;3;"Общество с ограниченной ответственностью ""Иммуно-Гем"" (ООО ""Иммуно-Гем"")"
ChIJBcgZYB1ItUYRXqp8400jxUs;0.75;0.75;1826.0;6;"Общество с ограниченной ответственностью ""Иммуно-Гем"""
ChIJBfjVpMU5tUYRp0nvk1loQTo;0.6875;0.6875;1826.0;11;"Закрытое акционерное общество Научно-производственное объединение ""Европа-Биофарм"""
ChIJBwmA5a5LtUYRr3I72lqEAvU;0.5370370370370371;0.48888888888888893;1826.2222222222224;57;Орион Фармацевтика
ChIJBy1eYxpLtUYR8c0MRBVzQqg;1.0;1.0;;1;Симрайз ГмбХ & Ко КГ
ChIJByRU9JwVtUYROjZcTjngjcQ;0.0;0.0;1826.0;3;Биос НПФ ООО
ChIJC-41M-lJtUYRT9fTLMOthGM;1.0;0.3333333333333333;1826.0;8;"Общество с ограниченной ответственностью ""Лонг Шенг Фарма Рус"""
ChIJC0G76Rs4tUYRfG2PRvD16l8;1.0;0.5;1826.0;2;Артлайф ООО
ChIJC28lEiZNtUYRbVf3ZCSZc0o;1.0;0.8846153846153846;1826.0;14;Фармапарк ООО
ChIJC5U4GoA1tUYRC9qDtPnR0rI;1.0;0.5;1826.0;2;Ликом НПО ООО
ChIJC5U4GoA1tUYRoZovpZ-wfjI;1.0;0.75;1827.0;4;Полихем С.А.
ChIJC6d9eC04tUYRSsITGGQcy3s;1.0;1.0;;1;"ООО ""Нортон"""
ChIJC7VhSBxLtUYRN0CgFH0ufFw;0.5;0.5;1827.0;2;"ООО ""Криосервис"""
ChIJC9qlt9MstUYRmvj5LMf-JFY;1.0;0.7918250659406109;1799.306241906242;282;Фармацевтическая компания Цисин
ChIJCUGGsGTT3UMRAL4jB40scy0;0.8125;0.6875;1826.0;14;"Общество с ограниченной ответственностью ""Биоком"" (ООО ""Биоком"")"
ChIJCVQaTKXKSkER-_U2cU6ff4Q;1.0;1.0;;17;Виал ООО
ChIJCX5vpGpNtUYRL9W72vihwO4;1.0;0.5;1826.0;7;"Общество с ограниченной ответственностью ""Фарма Био"""
ChIJCZBxI9xKtUYR4v5VFLNrjEs;1.0;0.6;1826.5;5;"Федеральное государственное учреждение ""Государственный институт кровезаменителей и медицинских препаратов"""
ChIJCaSdfB9LtUYRj5IGHij5VA0;1.0;0.5;1826.0;2;Рош Диагностикс ГмбХ
ChIJCbR2ESi1SkER5Cwm7WxPViI;1.0;0.96875;1827.0;17;Фармгид ЗАО
ChIJCdcAAgg1tUYRR17hAv_H7oU;1.0;0.5;1826.0;2;"ОАО ""Химический завод им.Л.Я.Карпова"""
ChIJCedEf3xOtUYRxn9KcFAwt2c;1.0;0.25;1826.0;8;"ООО ""Манас Мед"""
ChIJCw-0S69LtUYRTel-BnOb5lI;1.0;0.5;1826.0;2;Хоспира С.п.А.
ChIJCypTg2RKtUYRI-eS-PnJzYw;1.0;0.85;1826.1666666666667;49;"Общество с ограниченной ответственностью ""ПРОТЕК-СВМ"" (ООО ""ПРОТЕК-СВМ"")"
ChIJCze00SBItUYRJ5ABtBVe3vc;1.0;0.0;1826.0;1;"ООО ""Март"""
ChIJD1qjE9lKtUYR0Fo0WCYjxgc;1.0;0.8333333333333333;1826.6666666666667;22;Х.Лундбек А/О
ChIJD2ppfXxOtUYRXgerAER87O0;1.0;1.0;;2;"Общество с ограниченной ответственностью ""Фармбиопром"" (ООО ""Фармбиопром"")"
ChIJD3PHICZNtUYROMOUckT1VWY;1.0;0.5;1826.0;2;"Закрытое акционерное общество ""Фармапэк"" (ЗАО ""Фармапэк"")"
ChIJD6YefYY5tUYRMDjwVfS52EE;1.0;1.0;;3;Белкозин - Лужский завод ОАО
ChIJDQV3Bo85tUYRQEG2NjR2PIQ;1.0;0.8334448160535117;1826.203125;153;"Публичное акционерное общество ""Отисифарм"""
ChIJDQtEIfRMtUYRgJHulymdiQw;1.0;0.0;1826.0;1;"ЗАО ""Сальское РТП"""
ChIJDSFM6qlGtUYRTqW6Zqq3HrU;0.9846153846153847;0.6923076923076923;1826.0;65;Красногорсклексредства ОАО
ChIJDUpldf9KtUYRC0yofOD0OaM;0.9555555555555556;0.8666666666666667;983.1666666666666;19;БАСФ СЕ
ChIJDVjMMUisSkERAiTVUlwo4Tk;1.0;1.0;;1;Фарма АД
ChIJDYKyBS9NtUYRrp8Igx2DR8E;1.0;0.0;1826.0;1;"ЗАО ""Завод редких металлов"""
ChIJDZp2jeq1SkER7BVO4eRlOP0;1.0;0.1;1826.25;6;"Общество с ограниченной ответственностью ""Славянская аптека"""
ChIJDc_2xjpKtUYR7D7vKuMQp1E;1.0;0.0;2192.0;1;Дабур Индия Лимитед
ChIJDydTWbM2tUYRRJAcBNJk-Vw;0.8333333333333333;0.7083333333333333;1826.0;7;Технолог ЗАО
ChIJE-dmpWVKtUYRkCPgEhB5toQ;0.888888888888889;0.8333333333333334;1826.0;20;Ферросан АС
ChIJE0sVthA1tUYReV3aNniZTi4;0.9;0.7;1826.0;6;Техномедсервис ФП ЗАО
ChIJE2u4xbNKtUYRMKYfCObboSQ;1.0;0.6666666666666666;1826.0;5;Рада-Фарма ООО
ChIJE4LgyHmySkERO_UFSBeoSWc;1.0;0.0;1826.0;1;Возрождение и Развитие ООО
ChIJE9HMePtKtUYR9o7HfTrTs9o;1.0;1.0;;1;"ООО ""Фармацевтическая Компания Фуань"""
ChIJEQXULKw3tUYRVz37l5kMRtQ;1.0;0.0;1826.0;1;"ООО ""АПГ"""
ChIJETsQAH5KtUYR_9QUR7AmcZI;1.0;0.0;1826.0;1;Дальневосточные Медицинские системы ООО
ChIJEaGmb7VKtUYRvwGUj2rLp7I;1.0;0.875;1826.5;13;Фармасофт НПК ООО
ChIJEeZmpP-ySkER-3UPAsCHQf8;1.0;0.8;1826.0;5;"Закрытое акционерное общество ""Партнер"""
ChIJEfI83jhLtUYRGIhGve17gI0;0.9375;0.84375;1826.2;18;"ООО ""Квайссер Фарма"""
ChIJF-Pu0AhKtUYRMRDoV0f0WPI;1.0;0.5166666666666666;1826.4545454545453;45;"Закрытое акционерное общество ""АЛСИ Фарма"""
ChIJF1j3dpRKtUYRCgXhpc96mII;1.0;0.0;1827.0;1;ОАО «Транс-Альфа ГАЗ»
ChIJF3NFjwFJtUYRjgvQzvf-754;1.0;1.0;;1;Печеры Фирма ООО
ChIJF4-TfFpOtUYRrncUK1a5luY;1.0;1.0;;2;Витанта ООО
ChIJF53-kWizSkERxmOI5Y_dSAM;1.0;1.0;;4;Бэгриф ООО
ChIJFTA-jRdNtUYRf834SAJ3NPE;1.0;1.0;;2;"ЗАО ""Научно-исследовательский институт фотонной лучевой терапии"""
ChIJFTe2CNdOtUYR_1_DfdlVkzs;1.0;0.25;1018.5;3;Институт новых медицинских технологий ЗАО
ChIJFXPjK-FKtUYRN-JBKf1ce_8;1.0;1.0;;1;"ООО ""Фелицата Холдинг"""
ChIJF_KyULU2tUYRQEj1sAmiFn4;1.0;1.0;;1;СИ Груп Инк.
ChIJFfC6-Ck5tUYR8_cDq_aEqeI;1.0;0.697278911564626;1826.04;91;"Федеральное государственное унитарное предприятие Научно-производственный центр ""Фармзащита"" Федерального медико-биологического агентства (ФГУП НПЦ ""Фармзащита"" ФМБА России)"
ChIJG0iSYns3tUYR90htc9dQ4CU;1.0;0.6666666666666666;1827.0;7;Фармацойтише Фабрик Монтавит Гезельшафт м.б.Х.
ChIJG6xAOMNZNUERW7ieCe_9-20;1.0;0.0;1826.0;1;"ООО ""Корус Фарм"""
ChIJG9DKyuRHtUYRjdyszHHcPTE;1.0;1.0;;2;"ООО ""СИА ИНТЕРНЕЙШНЛ АФС"""
ChIJGQdQm8k0tUYRvkzzQEIPhuM;0.9642857142857143;0.9642857142857143;1827.0;24;"ООО ""Алкон Фармацевтика"""
ChIJGTxC5wxLtUYRe5GfEKUONRk;0.9;0.7;1826.0;10;Лаборатории Галдерма
ChIJGUwxNl9ItUYRcg3-IZK-9Lg;0.9285714285714286;0.5714285714285714;1826.0;13;"Областное бюджетное учреждение здравоохранения ""Ивановская областная станция переливания крови"""
ChIJH-F-gQY2tUYRF__U3NRv67k;1.0;1.0;;4;"ООО ""БрендФарма"""
ChIJH-lB4dJDtUYRM9jGnrHV7I0;1.0;1.0;;3;"Федеральное бюджетное учреждение ""33 Центральный научно-исследовательский испытательный институт Министерства обороны Российской Федерации"""
ChIJH2ksvAZLtUYRUk2LmuJqO6c;0.9710144927536232;0.8985507246376812;1904.4285714285713;25;Юникем Лабораториз Лтд.
ChIJH34brYlLtUYR0WvtGvsykEU;1.0;1.0;;1;Биофак С/А
ChIJH8wNpBJNtUYR5FcwAtt8qFc;1.0;0.8181818181818182;1827.0;11;ДжиИ Хэлскеа АС
ChIJHQEeHt00tUYRrIQit1BuT-0;1.0;0.4;1826.6666666666667;5;"ООО ""ИТФ"""
ChIJHQagpa9MtUYRgW7qRYnOBgU;1.0;1.0;;9;Херэус Дойчланд ГмбХ и Ко. КГ
ChIJHQmDXeEUtUYRP-KgtFu-14o;1.0;0.5;1827.0;2;"ООО ""Промгаз"""
ChIJHRcRxyFLtUYRliC4vK252Cc;1.0;1.0;;1;Синофарм Вейцида Фармасьютикал Ко., Лтд
ChIJHTRqI8LKSkERuw4Luplp0K0;0.9772727272727273;0.7662337662337663;1796.7142857142858;49;государственное  учреждение  здравоохранения «Свердловская областная станция переливания крови»
ChIJHUDYYjhKtUYRaSwwTKIGBfs;1.0;0.25;1827.0;8;Дельта Медикел Промоушнз АГ
ChIJHUELzg6ySkERxHI6oERYW9I;1.0;1.0;;2;"ООО ""Стратегия"""
ChIJHWCmlPJKtUYRQK1XXQwutpU;0.3333333333333333;0.3333333333333333;1826.0;3;Институт мозга человека РАН
ChIJHXK1JTqzSkERrd1Fn4mjUWI;1.0;0.375;1826.142857142857;27;С.П. Инкомед ООО
ChIJHYEHrJZOtUYRaHUEWuv6bos;1.0;1.0;;5;"ЗАО ""Экополис"""
ChIJHaiJNvRKtUYRmkNH_5Y7Dm0;1.0;1.0;;3;Лаборатория Экспансьянс
ChIJHdChMXhNtUYRQ7K49saBCMY;1.0;0.5;1826.0;4;Юрия-Фарм ООО
ChIJHw5Hh-FLtUYRNtFLIxpRoNs;0.8333333333333334;0.8333333333333334;1826.0;6;Люми ООО [Санкт-Петербург]
ChIJHy7zmMJKtUYRXLiQYIAPoyM;0.96875;0.6770833333333334;1826.1666666666667;36;Пфайзер ПГМ
ChIJHylW4w4VtUYRg9FRkm9eHv8;1.0;0.0;1826.0;2;Доза ФП ООО
ChIJI0J6gWtKtUYR1IbyoUvzNeI;1.0;0.45;1826.0;7;Майоли Спиндлер Лабораториз
ChIJI3OyxetKtUYR37WnYHfn-1M;1.0;0.42857142857142855;1826.5;10;Аллерган, Инк.
ChIJI3pnC8A2tUYRELgrYngPJCg;0.923076923076923;0.4858160358160359;1826.4590909090907;72;"Общество с ограниченной ответственностью ""Компания ""Деко"""
ChIJI4EoukazSkERrYwrTQyZLnw;1.0;1.0;;6;"ООО ""Наука, Техника, Медицина"""
ChIJI4yfn75OtUYRGG4VQOaQWXs;0.9898346435348333;0.8645673760877194;1812.2535014005603;260;Эгис Фармацевтический завод ОАО [Будапешт, Керестури]
ChIJI70Yhr1LtUYRIa-fr2wyxyg;1.0;1.0;;6;Алтайхимпром ОАО
ChIJI7EIm7W0SkERCd9a5ORbt_k;1.0;1.0;;1;"ОАО ""Московский завод сычужного фермента"""
ChIJI8v3tcxLtUYRNZVab2NgNJ8;1.0;1.0;;6;"Открытое акционерное общество ""Кемеровская фармацевтическая фабрика"""
ChIJIRy8yhxNtUYRKmK5YYACnUo;0.9285714285714286;0.7857142857142857;1826.0;14;Генфа Медика С.А.
ChIJITU6Ti-zSkEREcJQfX75OXU;1.0;0.5277777777777778;1826.3055555555557;30;Партнер ЗАО
ChIJIVIvn9Y1tUYRC8cPOX4hEZc;0.0;0.0;1826.0;1;Санитас АО
ChIJIWgDCdlKtUYRE6iUnHHU6qI;1.0;0.25;1826.0;3;"Общество с ограниченной ответственностью ""ХОМЕКСФАРМ"" (ООО ""ХОМЕКСФАРМ"")"
ChIJIX0cdDjKSkERsRAAzV48JAE;1.0;0.0;1827.0;3;ФГУП СПбНИИВС ФМБА России
ChIJIX1cYqI2tUYRxQeEK9wKaqY;1.0;1.0;;1;Интасол ООО
ChIJIboDtA9LtUYRmmn1IXWOBXg;1.0;1.0;;2;ФДС Фарма
ChIJIdcSfMO0SkERtaYxSYeuK54;1.0;0.5;1826.0;4;"ЗАО ""ТехГазСервис"""
ChIJIxJ6_9a0SkER5Oehq-81Kg8;1.0;1.0;;13;"ООО ""ЭкоФармИнвест"""
ChIJIzMveudTtUYRVc59aRu00Rk;1.0;0.6228571428571429;1826.0;17;Федеральное государственное унитарное предприятие «Предприятие по производству бактерийных и вирусных препаратов Института полиомиелита и вирусных энцефалитов им. М.П. Чумакова РАМН (ФГУП «ПИПВЭ им. М.П. Чумакова ФГУП РАМН»)
ChIJIztTuiW1SkERHvTkyjAbFEI;1.0;1.0;;1;"ООО ""Биоком Технология"""
ChIJJ5a0C521SkER1W8RNDZUF5Q;1.0;1.0;;1;"ООО ""МОСФАРМ"""
ChIJJ6kwNYxJtUYRzA_kvmsKLi0;0.990909090909091;0.9411764705882353;1848.9583333333335;285;"Открытое акционерное общество ""Авексима"" (ОАО ""Авексима"")"
ChIJJ8OtDSBKtUYR1vvor6hLTaE;0.9375;0.8843085106382979;1461.2;63;"ООО ""Гиппократ"""
ChIJJS3Lnh9KtUYRbkYHY9LYO1M;1.0;0.7740384615384616;1826.5;21;"ООО ""Мерц Фарма"""
ChIJJVjPzajKSkERhnO5rodDLrw;0.3333333333333333;0.0;1826.0;3;Норбиофарм ЗАО
ChIJJW8-WA1LtUYRg-3gaBRJ-7M;0.8333333333333334;0.6666666666666666;1826.0;6;Алембик Лимитед
ChIJJWcQBftOtUYRImaibzX5718;1.0;1.0;;3;Фармаген ЗАО
ChIJJYD9919ItUYRkPUMOOsQ5Uc;1.0;1.0;;3;Медикем С.А.
ChIJJ_JYnXw3tUYRUDsnN-9Najo;1.0;0.0;1826.0;1;"ООО ""Команда МКС"""
ChIJJbDwwu2xSkERMgfncgO7Srw;0.9;0.6;1731.75;6;Лилли Франс С.а.С.
ChIJJfc_heZItUYRs5nshVyIoKc;1.0;0.6;1826.25;9;"ЗАО ""Мединторг"""
ChIJJffwVIhKtUYRT-zLp6JNoBI;1.0;0.896551724137931;1826.6666666666667;29;ОАО «Биохимик»
ChIJJwFs9GuzSkER5T5Mro_6D7M;1.0;0.5111111111111111;1826.375;14;"Федеральное государственное бюджетное учреждение ""Российский онкологический научный центр имени Н.Н. Блохина"" Министерства здравоохранения Российской Федерации (ФГБУ ""РОНЦ им. Н.Н.Блохина"" Минздрава России)"
ChIJK0rYtcBLtUYResOUj5SMSRw;1.0;1.0;;5;"ЗАО ""Центр новых технологий Здоровье"""
ChIJK16zWhm0SkERsOlHpiYy6zM;1.0;1.0;;1;"ООО ""Гутта"""
ChIJK1hCVERKtUYRi0sTgwx6GKs;1.0;1.0;;5;Лаборатория Иннотера
ChIJK2W85QNKtUYR5Ad05nkDUsg;0.9777777777777779;0.7333333333333334;2005.8666666666668;50;Рихард Биттнер АГ
ChIJK3Vnyb1MtUYRVigS41qAigo;1.0;0.42857142857142855;1826.5;8;"ООО Группа компаний ""Граминэкс-фарма"""
ChIJK4ELVNtNtUYRjlNFkPzgOFg;0.9523809523809524;0.6340548340548341;1826.4155251141553;195;"Закрытое акционерное общество ""ВЕРТЕКС"" (ЗАО ""ВЕРТЕКС"")"
ChIJK4QzL7E_tUYRqaKJePuBdZg;1.0;1.0;;1;Трифарма С.п.А.
ChIJK8SNhoU2tUYR5qkl5-Zcn5w;1.0;0.8214285714285714;1584.4;28;ДСМ Нутришнл Продактс Лтд
ChIJK_t0p51JtUYR4sDo0FT6H3Q;1.0;0.17857142857142858;1826.5;15;Хайгланс Лабораториз Пвт. Лтд.
ChIJKbMvnyhNtUYRPm33FHCRqfM;1.0;0.8529411764705883;1670.2;19;"ООО ""Национальная Исследовательская Компания"""
ChIJL4UqT8pJtUYRDAzLwHSNzNA;0.9345238095238094;0.9003357753357752;1826.6666666666667;52;Лео Фармасьютикал Продактс Лтд А/С (Лео Фарма А/С)
ChIJLRinf8JLtUYR66DCfuaH-mE;1.0;1.0;;18;"ООО ""Фармстандарт"""
ChIJLU0xNphOtUYRrGoN8aLqLYA;1.0;0.3333333333333333;1826.0;3;ООО Славянская аптека
ChIJLVYjKF6ySkEROHZmLPVFRMo;1.0;0.5;1826.0;4;Савафарм ООО
ChIJLVizkz1KtUYRrPTnWXFVDnA;1.0;1.0;;6;ИПиИ Фарма Груп Лтд
ChIJLVwklEBKtUYRNPG-10fOBjI;1.0;0.0;1826.0;1;"ООО ""Райфарм"""
ChIJLZPV7481tUYRFtuX8aibG6w;1.0;1.0;;2;Мелиген фармацевтическое предприятие ЗАО
ChIJLfIUHHlMtUYRTyHQtSK1ZwU;1.0;0.6666666666666666;1289.0;3;"НИИ ядерной физики ФГНУ (""НИИ ЯФ"" ФГНУ)"
ChIJLxkCBJM0tUYRPV89cOWTrDo;0.0;0.0;1826.0;2;Имрэкс НПП ООО
ChIJLzxCmDRPtUYRqxxR125Gr7k;1.0;0.5;1826.0;2;Ликвор ЗАО
ChIJM-6Y9VC0SkERGkvjZC26OqA;0.9230769230769231;0.5769230769230769;1826.0;26;Др.Тайсс Натурварен ГмбХ
ChIJM22XSIqtSkER-qJ76B2oIE0;1.0;0.5;1827.0;2;"ООО ""БС Технология"""
ChIJM2qWpwBNtUYR1gA2oCBAxQE;1.0;1.0;;1;ЗАО «ЛЕНТЕХГАЗ»
ChIJM3hjD68_tUYRjihSwzukHLc;1.0;0.8333333333333333;1826.0;4;"ООО ""Акела-Н"""
ChIJM9szLLqtSkERywPbkwQz5kc;1.0;0.8178947368421052;1826.2407407407409;48;ФармВилар ФПК ЗАО
ChIJMTS9rhK2SkERn9D_EI5eC-0;1.0;1.0;;1;"ООО ""Гирудо-Мед.Юг"""
ChIJMXbQbBC2SkERYIkrGfn8R_Q;1.0;0.3333333333333333;1826.5;6;"Общество с ограниченной ответственностью ""Ремедия"""
ChIJMXfMHz1LtUYRieZAqde4JTw;1.0;1.0;;33;"ООО ""Инвар"""
ChIJMYDdVe0xtUYRSGVydXIiHDg;1.0;1.0;;1;"Оздоровительное Учреждение ""Лечебно-диагностический центр Международного института биологических систем"" (ОУ ""ЛДЦ МИБС"")"
ChIJMYroE39HtUYRtV9_5i4gVDk;1.0;1.0;;3;Присайз Кемифарма Пвт.Лтд
ChIJMYssdP1LtUYRGxc2U1IgrrY;1.0;1.0;;2;"ООО ""Нике-мед"""
ChIJMakVf4E3tUYRknWjlz256fc;0.8333333333333333;0.7083333333333333;1826.0;7;"ООО ""Научно-экспериментальное производство ""Микрохирургия глаза"""
ChIJMekRQClNtUYR9nKm3MogA8w;1.0;1.0;;1;Ломафарм Рудольф Ломанн ГмбХ КГ
ChIJMzuB-MpJtUYRgUXpKMmgsvY;1.0;1.0;;4;Лаборатория Ленинг С.а.С.
ChIJN2Q4iytLtUYRLm6Rf4FVeMk;1.0;1.0;;25;Миракл Фарма Груп Лтд
ChIJN5gYF1dJtUYROdS9xE_yuP0;0.0;0.0;1826.0;1;Сибел-Центр ЗАО
ChIJN5niGMw3tUYRBb895tvqGIM;0.9444444444444444;0.7749999999999999;1826.0714285714284;78;"ООО ""Фармацевтическая компания ""Здоровье"""
ChIJN5oxUnW0SkERWYpJ7qGYp-w;0.8333333333333334;0.4804161566707467;1710.0024038461538;88;"Общество с ограниченной ответственностью ""Джодас Экспоим"""
ChIJN5t4CjesSkERQ1DK79U7f40;0.8855721393034827;0.6821856625961104;1826.2373015873015;217;"Закрытое акционерное общество ""ВИФИТЕХ"" (ЗАО ""ВИФИТЕХ"")"
ChIJN63RGqvLSkERLv_MVB4qieY;1.0;0.0;1826.0;1;"ООО ""Фармацевтическая компания Эген"""
ChIJN6HKHxZLtUYRdmH4zD2uK14;1.0;0.8918918918918918;1826.0833333333333;42;"ООО ""МСД Фармасьютикалс"""
ChIJNVBD912xSkERQFkeJLCL0Po;1.0;1.0;;10;ТНК Силма ООО
ChIJNXiLcGu0SkERG9CwzLpYuu8;1.0;0.75;1141.0;4;Танаис НПО ООО
ChIJN_baIpe1SkERHIhZfhT4_wU;0.5;0.0;1826.0;4;Экотем (Экологическая Технология в Медицине) НОЦ
ChIJN_nsU0DMSkERAtYswXjfUTs;1.0;0.5555555555555555;1826.5;5;"Открытое акционерное общество ""Линде Газ Рус"" (ОАО""ЛГР"")"
ChIJNaGjKC9ItUYRoH7Ze6ndOuY;1.0;0.75;1099.0;5;Корпорация Олифен ЗАО
ChIJNaQzZUtStUYRKqSMbnCkSZg;0.7757936507936508;0.4853174603174603;1600.9484126984128;57;Химико-Фармацевтическая компания Александрия
ChIJNcBj9RpLtUYR6q3lMJqs76U;1.0;0.9739583333333333;1827.0;102;"Общество с ограниченной ответственностью ""Международная корпорация ""ЭДАС"" (ООО ""ЭДАС"")"
ChIJNewPIBpKtUYRhqkeywdR6p4;1.0;0.7222222222222222;1751.0;10;Актелион Фармасьютикалз Лтд.
ChIJNzgXIn9KtUYRwM2AKC_T2n0;1.0;0.0;1826.0;2;"ООО ""Авис Рус"""
ChIJO2VluUhNtUYRJ3MX1U_JXsI;1.0;0.7045454545454546;1826.625;32;"Закрытое акционерное общество ""Вектор-Медика"" (ЗАО ""Вектор-Медика"")"
ChIJO8w-ehlLtUYRSAFnfDwHshk;1.0;1.0;;1;"OOO ""НОВОМЕД"""
ChIJO9tdzS5KtUYRiJfVDt3WQi4;1.0;0.5357142857142857;1826.0;9;Технопарк-Центр ООО
ChIJORk6YOBJtUYRPSWTEYIBEQ8;1.0;0.0;1826.0;2;ПУЛЬСИОН Медикал Системс АГ
ChIJOSKTeoVJtUYR12LFZtXzGl4;1.0;1.0;;3;Станция переливания крови Департамента здравоохранения ГУЗ [Москва]
ChIJOSl-i-MttUYRH3q9oIMwVbo;1.0;0.6666666666666666;1827.0;10;"Федеральное государственное учреждение ""48 Центральный научно-исследовательский институт Министерства обороны Российской Федерации"""
ChIJOSu734VJtUYRhdkOc2ECKrw;0.9897959183673469;0.8673469387755102;1826.2307692307693;50;АстраЗенека ЮК Лимитед
ChIJOW96InZJtUYRslUuOSdpY08;1.0;1.0;;1;"ООО ""Институт регенеративной биомедицины"""
ChIJOZlzXf5ItUYRt15PvD7PTpM;1.0;0.12373737373737373;1826.266447368421;31;"Закрытое акционерное общество ""Р-Фарм"" (ЗАО ""Р-Фарм"")"
ChIJOdOju2_MSkEREW58BUhDs2k;1.0;0.9375;1393.0;29;"Федеральное государственное унитарное предприятие ""Государственный завод медицинских препаратов"" (ФГУП ""ГосЗМП"")"
ChIJOdxmBP1HtUYR1_DsidjqS1I;0.9555555555555556;0.4909090909090909;1826.1333333333332;78;"Общество с ограниченной ответственностью ""АЛКОЙ"""
ChIJOf5TFM27SkERYDZ8uJZVLks;1.0;0.5;1826.0;4;"ООО ""Любергаз"""
ChIJOwi4095HtUYRM_nWv05vBlk;0.25;0.25;1826.0;4;Биофарм Право-Альфа ЗАО
ChIJP-cjoUZItUYR8Ul8Z7-mKhc;1.0;0.0;1826.0;1;"Общество с ограниченной ответственностью ""ЭДВАНСД ТРЕЙДИНГ"""
ChIJP50hfn02tUYRV6Rvxnfbxg4;1.0;1.0;;1;"Акционерное общество ""Конструкторское бюро химавтоматики"""
ChIJP9rRaspJtUYRN5_yqYcXiKY;0.957272780960255;0.5455176282997697;1770.6012241054614;348;Сандоз д.д.
ChIJP9sq_9kstUYR1zaY8rTKlnA;1.0;0.5;1146.0;6;"Закрытое акционерное общество ""Патент-Фарм"""
ChIJPSqAfPJKtUYRHpBjRB2OPPI;1.0;1.0;;2;Эвоник Рексим (Наньнин) Фармасьютикал Ко.Лтд
ChIJPc3OcI82tUYREAAuIhu3cWA;0.0;0.0;1826.0;1;ДСМ Нутришнл Продактс Инк
ChIJPeNOHhdStUYRQHItRB3b5r0;0.0;0.3333333333333333;1826.0;4;Биохеми С.А.
ChIJPwXWEyi1SkERRb-_DBO6xY4;1.0;0.0;1826.0;1;Санофи Пастер Лимитед
ChIJPwXWEyi1SkERq8Hod9dusM4;0.9;0.405952380952381;1826.4466666666667;52;Эльфа НПЦ ЗАО
ChIJPzmvuxFNtUYRwUxtOrG8CWU;0.9718832891246684;0.7387267904509285;1826.3999999999999;96;Представительство Ипка Лабораториз Лимитед
ChIJQ0xuCHJKtUYR0JugUbCORF0;1.0;0.8645622677383112;1826.2424242424242;224;"Общество с ограниченной ответственностью ""Промомед Холдингс (Сайпрус) Лимитед"""
ChIJQ4S7OhE1tUYRsayopXzdjU4;0.9609680346175321;0.6458510151089897;1811.9074879739671;335;Оболенское - фармацевтическое предприятие ЗАО
ChIJQ5bewZhStUYRGCR4YvR5C0I;1.0;1.0;;3;Сесана ЗАО
ChIJQ6i9A91LtUYR6eM8ZtHrQjE;1.0;0.8333333333333333;1827.0;4;"ЗАО ""Аквион"""
ChIJQ6w_NRi3SkERZ6jCFRKehLk;1.0;1.0;;4;Биотон С.А.
ChIJQSANE51ItUYR2Rifki0wxbk;1.0;0.5714285714285714;1826.0;7;Лаборатории Жильбер
ChIJQSPtE9ZKtUYRiFzreUqI5PM;1.0;1.0;;3;"Акционерное общество ""Научно-производственное объединение по медицинским иммунобиологическим препаратам ""Микроген""  (АО ""НПО ""Микроген"")"
ChIJQYUyxRoytUYRqAFjjZsf-5E;0.6041666666666666;0.4861111111111111;1723.0;26;Ципла Лимитед
ChIJQ_8e1XxKtUYRo2oy0s7a-jI;1.0;1.0;;2;"Открытое акционерное общество ""Фармапарк"""
ChIJQbbwBjQ3tUYRF1hnVe2myho;1.0;0.0;1826.0;1;Акафарм ООО
ChIJQciYlIBKtUYRgc7hMvgEKoY;1.0;0.722753007784855;1806.3736263736264;175;"Общество с ограниченной ответственностью ""Озон"" (ООО ""Озон"")"
ChIJQdPrnkNItUYRABTOwdyIX9w;1.0;0.0;1826.0;1;"Общество с ограниченной ответственностью ""Медицина и ядерные технологии"""
ChIJQe3EgNG0SkERHPLPfBYt7Do;0.9013071895424837;0.7241830065359478;1734.3;50;"Представительство АО ""Олайнфарм"" в РФ"
ChIJQeD8TDyzSkERookfhrZrnLg;0.84375;0.5078125;1771.0092592592591;105;Таллиннский фармацевтический завод АО
ChIJQf5hJFtNtUYRRRt5ETR73jo;1.0;0.8333333333333333;1826.0;8;Роттафарм С.п.А.
ChIJQfKgeJ1MtUYRLq6ZOMSCko4;0.9433106575963718;0.6168075310932455;1817.768253968254;94;Фармсинтез ЗАО [Ленинградская обл.]
ChIJR0BzjSVKtUYRH4_C6aAlKYk;1.0;0.9333333333333332;1827.0;24;Безен Хелскеа СА
ChIJR34Y61tGtUYRQ2MGMB3xsWQ;1.0;0.0;1826.0;1;"ЗАО ""Европлант"""
ChIJR9RRQGhKtUYRfVV95jPedmg;1.0;1.0;;4;Орхид Фарма Лтд.
ChIJRR0mFWy2SkERDrbA93LKl0k;1.0;1.0;;2;Алкалибер С.А.
ChIJRSWvAUxMtUYRH0fs_HcF_y8;1.0;0.6;1826.25;6;"Общество с ограниченной ответственностью ""Кислород"""
ChIJRT2Qufa_SkERhfNQXMqgD-M;1.0;0.3333333333333333;1826.0;3;"ООО Предприятие ""Газсервис"""
ChIJRWq5JUFItUYRUX71YIpUVm4;0.3333333333333333;0.3333333333333333;1826.0;6;Кристалл ГосНИИ ФГУП
ChIJRx2nMByzSkERLF1oKEWYe_Q;1.0;1.0;;1;Чжецзян Канглайт Фармацевтическая Ко.Лтд
ChIJRxMHmr1LtUYRdsIccQ5Jgrs;1.0;0.5652173913043478;1826.1;23;Эксэлтис Хелскеа С.Л.
ChIJRyy2-nxKtUYRr2meqfHJvpw;0.9337204968944098;0.6058993035949557;1826.2419913419915;173;Эргофарм ООО
ChIJS2Wrvu81tUYRyIaKMp8qljA;1.0;0.9375;1826.0;9;"ООО ""Эн.Си.Фармасьютикалз"""
ChIJS7nezgezSkER-ueVuSxIX3A;1.0;1.0;;5;"ООО ""Апекс"""
ChIJSR24yYlHtUYR293UR9yMQQk;0.9444444444444445;0.8195876288659795;1679.125;112;Ст.-Медифарм ЗАО
ChIJSRbiKDRKtUYRRtY1V-KXgmg;1.0;0.6022727272727273;1826.25;48;Юник Фармасьютикал Лабораториз (Отделение фирмы Дж.Б.Кемикалс энд Фармасьютикалс Лтд)
ChIJSSRxg9M0tUYRIp7w6kR2PJU;1.0;0.3333333333333333;1826.5;3;"ООО СП ""Хиратрейд"""
ChIJSXH0pC1KtUYR2rrLQr9T7jo;1.0;0.7459557985873776;1612.307671957672;109;Эллара МЦ ООО
ChIJSYieo3G0SkERXQ5olsTaiHw;1.0;0.14285714285714285;1826.3333333333333;7;"Общество с ограниченной ответственностью ""АРС"""
ChIJScTUvRNStUYRa6XE_KkTzmQ;0.2857142857142857;0.0;1826.0;7;Экохимтех ООО
ChIJSefogZhLtUYRt0-leiY5nVo;0.9775978407557354;0.7400449842555106;1802.5867063492062;130;Такеда Фармасьютикал Компани Лимитед
ChIJSfVUuo42tUYRJz50nr24x7s;1.0;1.0;;2;"Федеральное государственное учреждение ""Российский геронтологический  научно-клинический центр Федерального агенства по здравоохранению и социальному развитию"" (ФГУ ""РГНКЦ Росздрава"")"
ChIJSfnYg5ZMtUYRX47BsM2Ih34;0.8648648648648649;0.6486486486486487;1821.3846153846155;37;Босналек АО
ChIJSwO4aDNPtUYR0ZfngcBhfqs;1.0;1.0;;1;Эмпилс-Фох ЗАО
ChIJSxa40iFLtUYRt4qiPG6IDbU;0.9857142857142858;0.796530612244898;-4999.042328042328;93;Гленмарк Фармасьютикалз Лтд.
ChIJSxwIPiNKtUYRsictDiq8bkw;1.0;0.75;1826.7;16;Селджен Интернэшнл Сарл
ChIJT0C7PeFItUYRMdO5xBm5XKg;1.0;1.0;;1;Пептидо ГмбХ
ChIJT3wztbU1tUYR6XNREDyuGIM;1.0;0.7;1826.0;10;"Федеральное государственное унитарное предприятие ""Муромский приборостроительный завод"""
ChIJT6OYP5-0SkERYlHyYw8YBHM;0.9482758620689655;0.9051724137931034;1826.090909090909;116;Лек д.д.
ChIJT7_H2zxItUYR1N1ini-eKuY;0.9451966473243069;0.806307441402261;1683.36875;145;Эбботт Хелскеа САС
ChIJT7_H2zxItUYRdRNdSWE6NK4;1.0;0.6657407407407407;1826.2;47;Бакстер Хелскэа Корпорейшн
ChIJT9TBkHvMSkER3CKPtqV0FuM;1.0;0.0;1826.0;2;Эльфарми ООО
ChIJT9q7JyRLtUYR6QWCuJ26Rf8;0.9915254237288136;0.8983050847457628;1826.0833333333333;60;Юнифарм Инк
ChIJTQQb1mtOtUYRdB2-fCSql6M;1.0;1.0;;2;Пфайзер АС, Норвегия
ChIJTWfSGvJHtUYRUsXQJ9jgI14;1.0;0.0;1826.0;1;Ангио Медик
ChIJT_6AVGm1SkERos_rFpQxq-I;1.0;0.0;1827.0;1;"Общество с ограниченной ответственностью ""Промэнерго"" (ООО ""Промэнерго"")"
ChIJTbn4Ze9KtUYRVVWgshxfI7Q;1.0;1.0;;1;Аббифарм ООО
ChIJTeJ8fHlJtUYR-UM8L-_p3Ns;1.0;0.3333333333333333;1826.0;10;"Общество с ограниченной ответственностью ""СЭЛВИМ"" (ООО ""СЭЛВИМ"")"
ChIJTeJ8fHlJtUYRph3-WfCZw5E;1.0;0.0;1826.0;3;Джилесанто холдингз Лтд
ChIJTfcbH01MtUYRR_Ii6n44Lcs;1.0;0.6896551724137931;1826.0;29;Бионорика АГ
ChIJTfcbH01MtUYRmI246N3iqVk;1.0;0.0;1826.0;3;Краснодарский краевой центр гомеопатии ООО
ChIJTyK6ImA5tUYRQLQBzlUGo5Q;1.0;0.8378406815906816;1826.4048726467329;346;"Открытое акционерное общество ""Акционерное Курганское общество медицинских препаратов и изделий ""Синтез"" (ОАО «Синтез»)"
ChIJTyRRmw7S3UMRTjLbrVwxKo4;1.0;1.0;;1;"ЗАО ""Оберон"""
ChIJU-QAiU83tUYRejtFF2Lz30s;1.0;0.0;1826.0;1;"ООО ""Провайдер"""
ChIJU1NrJ0K0SkER1WPAou7tYhw;1.0;1.0;;1;Стиролбиофарм ООО
ChIJU1tkDqpKtUYR15TLblAfjY0;1.0;1.0;;1;"Федеральное государственное унитарное предприятие ""Государственный научно-исследовательский институт органической химии и технологии"" (ФГУП ""ГосНИИОХТ"")"
ChIJU6Gieh1KtUYRhBhx34Oi8Bc;1.0;0.9166666666666667;1826.0;7;"ООО ""Кьези Фармасьютикалс"""
ChIJU6Rl4vs0tUYR4pCoOenV3GM;1.0;0.7142857142857143;1826.0;7;Фармпроект ЗАО
ChIJU9Bp85hMtUYR4qt1JYhJibA;1.0;0.9748458580756718;1826.2222222222224;185;"Закрытое акционерное общество ""Байер"""
ChIJUSdrOtQ0tUYRA0HlKbOz2hs;0.0;0.0;1826.0;2;Медиалл ООО
ChIJUSzB-m81tUYRXLNZe5TXmRA;0.9285714285714286;0.8901098901098901;1826.5;20;Тархоминский фармацевтический завод Польфа А.О.
ChIJUYc35GqzSkERtdvaYRD1sio;0.9545454545454546;0.7727272727272727;1525.4;14;"ЗАО ""НПО ""Антивирал"""
ChIJU_7ZvVpJtUYRbxJ3_mFAhd8;1.0;1.0;;2;Терумо Корп.
ChIJU__pJjlLtUYRfMK3hLmPhhc;1.0;0.5;1826.0;2;Фарма Вернигероде ГмбХ
ChIJUa2XKQA4tUYRUim7OFatJt4;0.0;0.0;1826.0;1;Трифарма Иляч Санайи ве Тидж. А.Ш.
ChIJUcYU8btJtUYR5GPbfXjsLKk;0.7;0.5;1826.0;17;"ООО ""НИАРМЕДИК ПЛЮС"""
ChIJUeKudq9HtUYRylEqdlHVbxU;1.0;0.0;1826.0;1;Дабур Фарма Лимитед
ChIJUf0bKKpMtUYRgpZ0bCIYl08;1.0;1.0;;2;Общество с ограниченной ответственностью «ГЕРОФАРМ»
ChIJV-nmvmdLtUYR-o19kBcw-xk;1.0;1.0;;4;"ООО ""Фарм-Синтез"""
ChIJV1AyMgxMtUYR5BYYgSgyc9Q;1.0;0.0;1826.7;10;"Общество с ограниченной ответственностью ""Сфера-Фарм"" (ООО ""Сфера-Фарм"")"
ChIJV1xCmEJKtUYRA1eX38m8BWA;1.0;0.5833333333333334;1826.0;10;"Федеральное государственное унитарное предприятие ""Государственный научный центр""Научно-исследовательский институт органических полупродуктов и красителей"""
ChIJV8J3E5K1SkERVt0fVcR_Uek;1.0;1.0;;1;"ЗАО ""Современные химические технологии"""
ChIJVV7kuV9KtUYR7O7ntHWO8K4;1.0;1.0;;5;"РУП ""Несвижский завод медицинских препаратов"""
ChIJVVVVVQ5LtUYRS-Vz4kWGl10;1.0;0.7564102564102564;1826.375;32;Сантэн АО
ChIJVVVVVVVCNEERIg-ynVuN_pE;0.75;0.035;1826.1947674418604;60;Серл Фарма ООО
ChIJVVVlpAJItUYRmF7ec3ljIjY;0.9583333333333334;0.8083333333333332;1826.0;28;Фармапол-Волга ООО
ChIJVYcV-uNLtUYRlsfhAX36oWg;1.0;1.0;;2;Гамбро Лундия АБ
ChIJVdQgHXJNtUYRNUtGGw2rmcM;1.0;1.0;;9;"ЗАО ""ФАРМА ВАМ"""
ChIJVeFo4ZJKtUYRTCHxqzED9DI;0.3333333333333333;0.0;1826.0;3;Авиценна медицинский центр ООО
ChIJVfCPrjhPtUYR5sNyaIHO2Ec;1.0;0.96;1826.0;14;"Федеральное государственное учреждение ""Российский кардиологический научно-производственный комплекс"" Министерства здравоохранения и социального развития Российской Федерации - Экспериментальное производство медико-биологических препаратов"
ChIJVfztSwxMtUYRrNrAdfMGric;1.0;0.0;1826.0;1;Трансатлантик Интернейшнл ЗАО
ChIJVx0QfDLLSkER9ipPlmNzLsQ;1.0;0.875;1826.1;30;Тривиум ООО
ChIJVxsqDIJKtUYRQiQccZpmBs8;1.0;1.0;;1;Эликсир Фарма
ChIJW-UK7w9LtUYRQY6wbUa9wPE;1.0;1.0;;3;Орхид Фарма Лимитед
ChIJW-VRVBNMtUYRIdc5aVQzaWg;0.9714285714285714;0.5142857142857142;1826.4117647058824;70;БЕЛУПО, лекарства и косметика д.д.
ChIJW1ify840tUYRE5uVbJ3hpmc;1.0;1.0;;1;"Общество с ограниченной ответственностью ""АЛЬФАТРЕЙД"""
ChIJW2aYAaQ1tUYRGG9l6pmAs9I;1.0;0.9130434782608696;1826.0;37;Талион-А ООО
ChIJW4r1VltKtUYRpy9Iash8cQ8;1.0;1.0;;1;Сентрал Гласс Ко.Лтд
ChIJW50u7zhNtUYRgHR2Khql1hE;0.2727272727272727;0.0;1826.0;22;Вектор-Бест ЗАО
ChIJW9GQoAs1tUYRRt9q929q2PQ;1.0;0.5;1826.0;2;"ООО ""Праксайр Волгоград"""
ChIJWRjvZcJJtUYR7d9jRl3jo9s;0.0;0.0;1826.0;1;Гематолог ООО
ChIJWSvM4I0xtUYRa2CAZJ0oOlA;1.0;0.5;1826.0;7;"ООО ""Исида"""
ChIJWUHU2MxItUYRUxK26_ReqF0;1.0;0.5;1827.0;2;"Закрытое акционерное общество ""Эколэнд-Крылатское"" (ЗАО ""Эколэнд-Крылатское"")"
ChIJWV6S0_5KtUYR76L4U1SyIzc;1.0;0.0;1826.0;2;Лаборатории Медис
ChIJWXd2B5jKSkERkzPRWNj0MCo;1.0;0.0;1827.0;1;"Общество с ограниченной ответственностью ""Биоцентр"" (ООО ""Биоцентр"")"
ChIJWbSk5hs4tUYR9ffK0tp0snk;0.9444444444444444;0.6388888888888888;1826.25;11;Мерк Сероно Юороп Лимитед
ChIJWxj-Uj81tUYR8JyF5WI89t8;0.0;0.0;1826.0;2;ИмДи-спектр ООО
ChIJWxomMBhKtUYRWQ-3JIJA9BQ;0.0;0.0;1826.0;1;Фитомаг ООО
ChIJWzVIbI85tUYRlTbKa0ve3tE;0.9444444444444444;0.6296296296296297;1826.0;108;Синтез ОАО
ChIJX-GjkfRKtUYRT2MJ1rtMOsg;0.0;1.0;;1;Фито-Эм аграрно-промышленная компания ЗАО
ChIJX06hGxg1tUYRU-4AgiDAxTY;0.989010989010989;0.4835164835164835;1802.5106382978724;91;Биохимик ОАО
ChIJX63BCtY1tUYRE15tZMyKeTE;1.0;0.5;1826.0;2;Экран НПО ОАО
ChIJX98fpKStSkERQHUxvBX-qys;0.0;0.0;528.5;2;Росунифарм ООО
ChIJXT3BO7dLtUYR-5UG68hFTYQ;1.0;1.0;;2;Валентис ЗАО
ChIJXUmmUi61SkERHF9ERMCNavk;0.6;0.6;1433.0;5;Йодные технологии и маркетинг ООО
ChIJXVOqKAQ2tUYR2B3Su5LKWBQ;1.0;0.0;1826.0;1;"Закрытое акционерное общество ""ПрофитМед"" (ЗАО ""ПрофитМед"")"
ChIJXfYkXMVJtUYR8Caq9LhKTfc;0.0;0.0;1826.0;1;Интар-Биотех ООО
ChIJXwdxGdxLtUYRllLOIM8WOvg;0.9880952380952381;0.7085537918871252;1826.2106456617737;226;Фармасинтез ОАО
ChIJXzhChTxItUYRrZLAAkdQf_c;0.9943181818181819;0.8227813852813852;1816.2432432432433;141;Берингер Ингельхейм Интернешнл ГмбХ
ChIJXzqZq51HtUYRtRIZtR0h0pY;1.0;0.0;1826.0;2;"ЗАО ""Аргон"""
ChIJY3UOt4tKtUYRUTf_Viq8-cY;1.0;1.0;;4;Инд-Свифт Лабораториез Лимитед
ChIJY5alyXk2tUYRlxyBZb2_pAM;0.9756266205704408;0.7601267646211466;1813.9537037037037;120;Ранбакси Лабораториз Лтд
ChIJY7bLdlc3tUYR9Wv1QPydl6I;1.0;0.8;1826.0;5;"ОАО ""Максфарм"""
ChIJY83Q7CrTSkER4MHnT6ofxlc;0.9160937499999999;0.8039468125960062;1675.672379406308;470;Щелковский витаминный завод ОАО
ChIJY8up48xItUYRcbCjYoGqLTk;1.0;0.6817502510484967;1507.047142857143;195;"Открытое акционерное общество ""АВВА РУС"" (ОАО ""АВВА РУС"")"
ChIJYSDufbVMtUYRvX-x8JGpd3g;0.0;0.0;;8;Гомеофарма предприятие ООО
ChIJYTwhVBNMtUYRXUge9SXJ8vo;0.98;0.66;1681.4705882352941;50;Обновление ПФК ЗАО
ChIJYV2CHMBMtUYR0IVf8yaMvVs;1.0;0.0;1826.0;1;Каринофарм ГмбХ
ChIJYWsmhmVNtUYRxBMnbJ26OFo;1.0;1.0;;2;"ООО ""Фармхим"""
ChIJYYbncjxItUYRJejSMLCpcUY;1.0;0.7777777777777778;1826.0;32;Фитофарм Кленка АО
ChIJY_t-t19ItUYRTNmrLr8XpCs;1.0;0.6666666666666666;1826.0;8;Ферон ООО
ChIJY_t-t19ItUYRanrbR7JXB14;1.0;0.3333333333333333;1826.0;3;Иммафарма ООО
ChIJY_t-t19ItUYRig38PN5CcNg;0.8583333333333334;0.7083333333333333;1130.5151515151515;49;Центральный научно-исследовательский институт эпидемиологии Минздрава России ГУ
ChIJYdVDo_s0tUYRW8yj2zoETlQ;1.0;0.5;1826.0;2;"ООО ""Фармацель"""
ChIJYeChugRStUYRGFf9Cm5ndhY;1.0;0.5873493975903614;1826.0925925925926;85;"ООО ""Виал"""
ChIJYxcjiyJPtUYR50RioGvKOSc;1.0;1.0;;1;"Федеральное государственное учреждение ""Центральная клиническая больница с поликлиникой"" Управления делами Президента Российской Федерации (ФГУ ""ЦКБ"")"
ChIJYy4advJKtUYR8ivu27yy3Jg;1.0;1.0;;3;"ООО ""Нобель"""
ChIJYzPv99tLtUYRalBsxwU0Yuo;1.0;0.7351351351351352;1290.1904761904761;78;ЮСВ Фарма СА
ChIJZ2astRFNtUYRWVEsSQkLwMQ;1.0;0.0;1826.0;1;Редкинский опытный завод ЗАО
ChIJZ6UjltxLtUYRO0n57OTEtqU;1.0;0.6923076923076923;1826.5;13;Мекофар Кемикал-Фармасьютикал Джойнт Сток Компани
ChIJZ9LB395LtUYRM-zk3WKovNY;1.0;0.64;1826.3125;36;"Закрытое акционерное общество ""ГЕНЕРИУМ"" (ЗАО ""ГЕНЕРИУМ"")"
ChIJZRSNiylLtUYR4eAX_BGvjuo;1.0;1.0;;1;"ООО ""Новомед"""
ChIJZRSNiylLtUYRUsXu7lyR198;1.0;0.0;1826.0;1;Родиа Органик
ChIJZZKESLvKSkERzEvw23nMaR8;1.0;0.0;1826.0;2;Флавир ООО
ChIJZaQAE_9KtUYRQMGxbu_ZbFY;0.6666666666666666;0.3333333333333333;1826.0;3;ПиЭйч энд Ти С.р.Л.
ChIJZbMm5GqzSkER0W-I7pk1bsA;0.9818181818181818;0.7805704099821746;1826.3983451536642;150;Сотекс ФармФирма ЗАО
ChIJZblQuwioSkER_VaoewYJLGQ;1.0;1.0;;1;Здоровье фармацевтическая фирма ОАО
ChIJZc45VBNMtUYRcBChJmn5IkM;0.9176470588235294;0.7764705882352941;1826.0526315789473;85;Ново Нордиск А/С
ChIJZfV3_1Q1tUYRGEZXVgyqfEI;1.0;0.5;1826.0;4;"ООО ""Эндокринные технологии"""
ChIJZfzKNt47tUYRDfUKolOde8Y;1.0;0.8;1826.0;9;Цитомед медико-биологический научно-производственный комплекс ЗАО
ChIJZw56oTE6tUYRVMSm9h2NKU4;1.0;0.7;1826.6666666666667;10;Алмирал С.А.
ChIJZwNLbsJJtUYR2T22HvtkgMg;0.95;0.8;1107.0;17;"Федеральное государственное учреждение ""Кировский научно-исследовательский институт гематологии и переливания крови Федерального медико-биологического агенства"""
ChIJZzk9E7ezSkER_66WeHEn_io;1.0;1.0;;1;"ООО ""Фармика"""
ChIJ_-omnYhKtUYRSquDVCOpwZg;1.0;1.0;;8;Поликем С.р.л.
ChIJ_3oGHBZLtUYR7O64XmxIpjA;1.0;0.0;1826.0;1;Хюгель Инк.
ChIJ_5nO4RRLtUYRgKPSs_37TYk;0.97;0.5700000000000001;1782.65;30;Экселджин Лаборатуар
ChIJ_6OLXSRLtUYR1pcXfpj4NhY;0.6666666666666666;0.6666666666666666;1826.0;3;"Открытое акционерное общество Завод экологической техники и экопитания ""ДИОД"" (ОАО ""ДИОД"")"
ChIJ_9IdiHxOtUYRy6uyD8vQSPA;1.0;0.5;1826.0;2;Закрытое акционерное общество «Аполлон»
ChIJ_UUnnlortUYRg80Y4wMgJ80;1.0;0.717948717948718;1826.0555555555557;33;"ООО ""Фирма ""Випс-Мед"""
ChIJ_WKEbutHtUYRL2BDO5dq0wU;1.0;0.0;1827.0;1;"ООО ""Скимед"""
ChIJ__WCTkRItUYR-MYkSyCS1GY;1.0;1.0;;1;"ФГБУ ""Российский научный центр радиологии и хирургических технологий"" Минздрава России"
ChIJ_____x5LtUYRKg6OSobmORU;0.9873737373737373;0.952020202020202;1734.2631578947369;137;Лаборатории Сервье, Франция
ChIJ_azY-UFKtUYRJBoxtt0-N8g;0.0;1.0;;1;ГНИИ стандартизации и контроля лекарственных средств МЗ России
ChIJ_cX8QJNNtUYRsQTA2FRtfY8;0.0;0.0;1826.4;5;ННТ-Фарма ООО
ChIJ_yDfBL1OtUYR99J28Sf16zM;1.0;1.0;;5;Медикор ЦСМ ЗАО
ChIJa3L3XHM1tUYRcAQMs9pmNlc;1.0;0.0;1826.0;2;АЛК-Абелло А/С
ChIJa6MoFk2pSkERhd0EiKEkgaw;1.0;0.7;1826.3333333333333;10;"Общество с ограниченной ответственностью ""Лекарь"" (ООО ""Лекарь"")"
ChIJaR3dpRJNtUYRKzZNzESzWsM;1.0;1.0;;1;"ООО ""МЕДА Фарма"""
ChIJaWmrwZtKtUYRIbcDWZfyws8;1.0;1.0;;1;"Открытое Акцианерное Общество ""Редкинский Опытный Завод"""
ChIJaXNA0AlKtUYRzxHJj47qcZs;0.4969512195121951;0.39634146341463417;1656.9705882352941;165;Хемофарм А.Д.
ChIJaXsDG-JKtUYR4ZjMPjjQp0M;1.0;1.0;;4;Ковекс С.А.
ChIJabNl0DhLtUYRdsIv77nww50;1.0;1.0;;1;Фармлэнд СП ООО
ChIJaf1kOxBNtUYRQuW1cp98ydw;0.75;0.2504166666666666;1826.3;43;Р-Фарм ЮС Оперэйтин ЭЛЭЛСИ
ChIJafQvE983tUYRPbvjlUgEH3o;0.9514423076923076;0.6875855193193903;1827.261794871795;310;Фармацевтическая фабрика №6
ChIJb0qQwEeoSkERm8C8ACPpRRo;1.0;1.0;;1;"ЗАО ""Доминанта-Сервис"""
ChIJb2vltB5NtUYRr10uSpHZIeM;0.9770114942528735;0.4942528735632184;1781.1;41;Нобелфарма Илач Санайи ве Тиджарет А.Ш.
ChIJb5YieAlMtUYRC59u2Jeuyhg;0.9871794871794872;0.8600427350427351;1826.3939393939393;84;Эвалар ЗАО
ChIJb8k0unpLtUYRFoF14VPOk1E;0.5;0.0;1826.0;4;Национальные биотехнологии ОАО
ChIJbShggKy1SkERnOYCir1_4oE;1.0;0.5619047619047619;1826.3333333333333;17;Эйсай Мануфэкчуринг Лимитед
ChIJbZ0EMSZGtUYRSr3NOkxTHmM;1.0;0.0;1826.3333333333333;3;"ЗАО ""Берёзовский фармацевтический завод"""
ChIJb_0heHBKtUYRkZFVrEKcud4;1.0;0.5;1826.0;2;"ООО ""ВИСТ"""
ChIJbak4Lau1SkERJyXP4-uMiPY;1.0;0.0;1827.0;1;"ООО ""Биона"""
ChIJbdOlltlHtUYRSHwzIyVVwgk;1.0;0.0;1826.0;1;"ООО ""Санрайз"""
ChIJbe3O9gI2tUYRD0veUePo2zg;1.0;1.0;;1;"Общество с ограниченной ответственностью ""Гамма"""
ChIJbxkcGdxLtUYR77Fz-q1KnTU;0.75;0.3846153846153846;1826.0833333333333;35;ЮграФарм ОАО
ChIJbzjPXm5MtUYRuqYioCcX4d4;1.0;0.5;1826.0;3;ООО БИОТЕХ
ChIJc4sIKpFLtUYRTkAoOx3TfJA;1.0;1.0;;1;Институт изотопов ООО
ChIJc7BjExdLtUYRA4o6nc3PUr0;0.8800000000000001;0.6533333333333334;1826.05;30;Эмбил Фармацеутикал Ко.Лтд
ChIJcQHwynBKtUYReN98gOfg0fQ;1.0;0.9259259259259259;1826.25;58;Омела ООО
ChIJcT9mv1GzSkERUA82RCPpH38;1.0;1.0;;1;Тайм Трейд Хандельсгезелльшафт мбХ
ChIJcWTIzMtItUYRsMzR_m-qC_s;0.8765977556666839;0.8611833230224606;1826.4666666666665;268;"Закрытое акционерное общество ""ГлаксоСмитКляйн Трейдинг"""
ChIJcbCdxy-zSkERGRXDlVvyUFM;1.0;0.0;1827.0;1;"Аграрно-промышленная фирма ""Фито-ЭМ"" ЗАО (ЗАО АПФ ""Фито-ЭМ"")"
ChIJcdKk7KU3tUYR0F92sGgg1qg;1.0;0.0;1827.0;2;ООО «Ромфарма»
ChIJcdjmxm03tUYRdPLbuiflBsk;1.0;1.0;;5;"ООО ""Альтаир"""
ChIJceyUBiNKtUYRyJmP0fAAc-k;1.0;0.5454545454545454;1826.0;11;Кревель Мойзельбах ГмбХ
ChIJcxfWBLRLtUYRUD7iIwIA3TM;1.0;0.5830940988835726;1826.0;35;Ферринг ГмбХ
ChIJcyBTCKFNtUYRVqU0nejjlpY;1.0;1.0;;5;СЭМ Фармасьютикалс Лимитед
ChIJcyP6j3iySkERVLAX7sYJQ28;1.0;1.0;;1;"ООО ""Фармацевтические Технологии"""
ChIJczN5fjqzSkER0uZMTwok4UA;1.0;1.0;;2;"ООО ""Научно-производственный центр ""Фокс и Ко"""
ChIJczRWIx1ItUYRG6ZuEFlpd2k;1.0;0.6666666666666666;1826.0;7;"Общество с ограниченной отвественностью ""Алфарм"" (ООО ""Алфарм"")"
ChIJd-ScIGxKtUYR8G6OlYBv2hs;1.0;0.9912280701754386;1144.0;101;"ООО ""ДОКТОР Н"""
ChIJd22kARNKtUYR_15_VenR82g;0.9924242424242425;0.7973484848484849;1826.6666666666667;56;Эбеве Фарма Гес.м.б.Х. Нфг.КГ.
ChIJd5FhiKNMtUYRU3Znw-_lbos;1.0;0.5;1826.0;2;"ООО ""Актиния"""
ChIJd6COwHJNtUYRuWgi5sNziCk;0.9318181818181819;0.3995098039215686;1826.2102272727273;40;Казанская фармацевтическая фабрика ЗАО
ChIJd8-XTGMxtUYR3WJonXJOZkg;1.0;0.0;1826.0;1;"ООО ""НПП Биотех БК"""
ChIJd8HLVetLtUYREPyklsjd6O8;1.0;0.0;1826.0;3;"ООО ""Вартамана Фарма"""
ChIJdQJbAQdKtUYRC47YwAAmDUM;0.982905982905983;0.581002331002331;1826.4629629629628;54;Фирн М ЗАО
ChIJdRqKh-M2tUYRRePmr6ISta8;1.0;0.5;1826.0;2;"Общество с ограниченной ответственностью Торговый Дом ""Факел"" (ООО ТД ""Факел"")"
ChIJdSEYlgbISkERLJO-ZvcrfjY;1.0;0.0;1827.0;1;"ООО ""Технические Газы"""
ChIJdVc7M_NKtUYRjzxtqKJpl7A;1.0;1.0;;4;"ООО ""Возрождение и Развитие"""
ChIJdb3tG3pDNEERtIphpGaAu-M;1.0;1.0;;1;Абик Лтд
ChIJdc7WB2uzSkERpAE4Y-RSKqI;0.96875;0.798611111111111;1826.2222222222224;31;Ципла Лтд.
ChIJdxDFLSlNtUYR9g38SR72YME;1.0;1.0;;1;"Федеральное государственное учреждение науки ""Екатеринбургский НИИ вирусных инфекций"" Роспотребнадзора"
ChIJdzqhir9HtUYRMQLqHWigzIE;1.0;0.5;1826.0;2;"ООО Научно-производственная фирма ""Гемма-Б"""
ChIJe-ZzYnxOtUYREbzmvKLvCcE;1.0;1.0;;1;Межбольничная аптека медицинского центра Управделами Президента РФ ГУП
ChIJe2lbepVMtUYRjplto1cGR7k;1.0;1.0;;4;"Государственное учреждение здравоохранения ""Самарская областная клиническая станция переливания крови"""
ChIJe3T1TORLtUYRg0IpTAUPybE;1.0;1.0;;1;"ООО ""Внешторг Фарма"""
ChIJe3b7ycFLtUYRAm8XpOsQB7o;1.0;0.8333333333333334;1826.0;8;Мукос Фарма ГмбХ и Ко.
ChIJe5cQJT1KtUYRDa6Y_uvCZZg;0.9583333333333333;0.6875;1826.0;20;Вифор (Интернэшнл) Инк.
ChIJe73X6xWoSkERsmC6psMeDhM;1.0;0.75;1826.0;12;Росбио ООО
ChIJe7A5TCmuSkER72MCPfHm2nI;1.0;0.0;1826.5;2;"Общество с ограниченной ответственностью Фармацевтическая компания ""Славянская аптека"""
ChIJe8doMfVItUYRhbRqcbXCttQ;1.0;0.9166666666666666;1826.0;24;"Федеральное государственное унитарное предприятие ""Федеральный центр по проектированию и развитию объектов ядерной медицины"" Федерального медико-биологического агенства"""
ChIJe8zJA_RKtUYRMCov3MJlU4A;1.0;1.0;;2;Репромед ООО
ChIJe9lry-dNtUYRw9X36ILhKBQ;1.0;0.625;1826.5;6;Фортьюн Мед ООО
ChIJe9pHkFRJtUYRsf_nujK9GQ0;1.0;0.35714285714285715;1826.0;8;"ООО ""Константа-Фарм М"""
ChIJeZc7yh21SkERx5trQmeTwnI;0.9841772151898734;0.7332017303635183;1809.7614379084969;348;"Открытое акционерное общество ""Дальхимфарм"""
ChIJe_0Uoc9ItUYRcRTP3lm7PSQ;0.991111111111111;0.6972222222222222;1293.5993006993008;261;"ООО ""Джонсон & Джонсон"""
ChIJe_nF5xw1tUYRHScYLhBu92o;1.0;1.0;;1;Ставропольский научно-исследовательский противочумный институт ФГУЗ
ChIJeySiq2RKtUYRjpvXVixFYpc;1.0;0.9100529100529101;1826.6666666666665;39;Лаборатория Буарон
ChIJeyXkadG0SkERE9yDoTtkaEE;1.0;0.6806930693069306;1826.0;103;СимбиоФарм ГмбХ
ChIJeylDCJE8tUYR_bd-eOr_qAc;1.0;0.0;1826.0;1;Цитолекс НПФЦ ЗАО
ChIJez3U4XJNtUYR9mnOcGyMcAU;1.0;1.0;;1;"Общество с ограниченной ответственностью ""Инфарма"""
ChIJezUxMopOtUYR_SRny6NMlUM;1.0;1.0;;1;"ООО ""Оранж Фарма"""
ChIJf5WJuQNLtUYR53XHU6jH9zM;1.0;0.7854533594259622;1826.297619047619;113;ООО Актавис
ChIJf79lf2RKtUYR33nATwpMihM;1.0;0.6;1827.0;12;Оксигон ООО
ChIJf7nHlnrMSkERIGotsHY9fg4;1.0;1.0;;4;"ЧАО ""Технолог"""
ChIJf8C9KfRMtUYRjIFSRpe7dF4;1.0;1.0;;1;Фарма ВАМ ЗАО
ChIJfVZ4Ook1tUYRz8hwLmTe6Hw;1.0;1.0;;1;"ЗАО ""Атом-Мед Центр"""
ChIJfXUVSz9KtUYRQNT2nzsvvmw;0.9237097598364844;0.8553142565150741;1807.9857320099254;200;Зентива к.с.
ChIJfc2KK7qtSkERWtrM9ERpOXg;1.0;1.0;;1;ВИЛАР
ChIJfc2KK7qtSkERmQNGKtfCpNU;0.9206349206349206;0.6578194119177725;1845.7857142857142;98;Фармцентр ВИЛАР ЗАО
ChIJfdsnBwNLtUYR5lPQmuVHdpc;0.8488372093023255;0.5;1522.0;86;Нижфарм ОАО
ChIJfdyTdHdNtUYRuB5wocZg_BA;1.0;0.17543859649122806;1827.2758064516129;82;Роутек Лтд
ChIJfeAbY7FLtUYR2Oi0ZbYE_OY;1.0;1.0;;1;"ОАО ""Синтез """
ChIJg17IbptMtUYRkxn7AraTPq8;1.0;1.0;;1;Вектор ВБ ГНЦ ФГУН Роспотребнадзора
ChIJg1n53bA2tUYRZJ-wWTYCvbc;1.0;1.0;;1;Аромасинтез ООО
ChIJg2kX3UKySkERH-b1wwF69ik;1.0;1.0;;7;"Общество с ограниченной ответственностью ""ФОРТ"" (ООО ""ФОРТ"")"
ChIJg42Pw0FKtUYRlvimGGOll7Y;1.0;1.0;;1;Лаборатория де ля Мер
ChIJg8t24_U3tUYRj10CWf_kJ5o;1.0;1.0;;1;Добромед ООО
ChIJg9eeVcBLtUYR0NDBe9mMyQo;1.0;0.04722222222222222;1826.8290043290042;27;Рафарма ЗАО
ChIJgQBnszhPtUYRCfviJfbyJiw;0.75;0.6473214285714286;1686.3333333333333;20;"Федеральное государственное учреждение ""Российский кардиологический научно-производственный комплекс"" Федерального агенства по высокотехнологической медицинской помощи - Экспериментальное производство медико-биологических препаратов"
ChIJgQBnszhPtUYR_H3RLQqcFUc;1.0;1.0;;6;Техноген НПП ООО
ChIJgTkLbY85tUYRjy6a50nTqAQ;0.9121758569299554;0.6049228886769353;1833.1329110704112;565;Фармстандарт-Уфимский витаминный завод ОАО
ChIJgUKPz3JNtUYRKxuJjPLwv98;1.0;0.75;1826.4285714285713;16;Русюрофарм ООО
ChIJgY4X8wpKtUYRiS7SS20cVf8;0.9166666666666666;0.8787878787878788;1826.75;17;Урсафарм Арцнаймиттель ГмбХ и Ко.КГ
ChIJgYKSW4xJtUYRkDou_iMtOC8;1.0;0.5;1826.0;2;Галдерма СА
ChIJgf-Mhyk3tUYRU70VcL5TfnE;1.0;1.0;;1;Лаборатория Биокодекс
ChIJgwZNU80-tUYRehRWPzzY7Ds;1.0;0.7366071428571428;1826.3095238095239;135;Фармацевтические технологии ООО []
ChIJgxhqwlQ3tUYRnfANcheKQIs;1.0;0.0;1826.0;1;Биотехфарм ГЕ ООО
ChIJgz9XqhtLtUYRCeJGRplg-4w;1.0;0.0;1827.0;2;"ЗАО ""Фрезениус СП"""
ChIJgz9XqhtLtUYRUC4ldxfc-10;0.9795918367346939;0.9081632653061225;1826.5555555555557;50;Мерк Сероно Лимитед
ChIJgzP78jW1SkERVIuHRD_N3NU;0.5555555555555555;0.3333333333333333;1826.0;13;Плива-Лахема АО
ChIJh13kFXBLtUYRPNXuNUP1ahA;1.0;1.0;;1;Синтез А/С
ChIJh4VRdxdLtUYR7XlClsa6FUk;1.0;0.0;1826.5;2;Медиком Интернэшнл с.р.о.
ChIJh4gim8tMtUYR_kFeXxqHgtQ;1.0;0.0;1826.0;2;Тринита НПП ЗАО
ChIJh4wIjRtItUYRrQN8VS1Eui0;1.0;1.0;;2;МС-Вита ООО
ChIJh5D3XkHJSkERlTDYYs0NaxE;0.9333333333333332;0.6848484848484849;1826.4166666666665;19;"Промышленная химико-фармацевтическая компания  открытое акционерное общество ""Медхимпром"" (ОАО ПХФК ""Медхимпром"")"
ChIJh6UxpMhLtUYRI6kmpUlpPqM;0.4473684210526316;0.4605263157894737;1683.111111111111;22;Польфа-Лодзь фармацевтический завод АО
ChIJhQKLHKU0tUYRaHeyPDvI1Rk;0.5;0.1;1826.0;10;Центрально-Европейская Фармацевтическая Компания ЗАО
ChIJhUGBfDA2tUYRxqrqgoCKSYQ;1.0;1.0;;2;"Государственное учреждение здравоохранения ""Республиканская станция переливания крови"""
ChIJhVUQhW01tUYRUMAYmEeqZe0;1.0;1.0;;1;Синтон Б.В.
ChIJhVfXFO9OtUYRCHVVENJhZaA;1.0;0.75;1185.5;9;"Общество с ограниченной ответственностью ""Ависта"""
ChIJhZ_y71o1tUYRBI-csN9swg8;0.5;0.44761904761904764;1826.090909090909;110;"Общество с ограниченной ответственностью ""ЛЭНС-Фарм"" (ООО ""ЛЭНС-Фарм"")"
ChIJhZzA0A9LtUYRKNy2RR6u9uA;1.0;0.9623655913978495;1826.0;71;Шрея Лайф Сайенсиз Пвт.Лтд
ChIJhct5PsdLtUYRfN1shW1uuh8;1.0;1.0;;4;Юник Кемикалс (отделение фирмы Дж.Б.Кемикалс энд Фармасьютикалс Лтд)
ChIJhfWSOm9KtUYRYH72tZ_QXxM;1.0;0.7777777777777778;1826.25;12;Ф-Синтез ЗАО
ChIJhx5bfqJLtUYRNu1VPt_XHNg;1.0;1.0;;1;Биокемикал энд Синтетикэл Продакт Лтд
ChIJhx5bfqJLtUYRpW-FjXF5sWo;1.0;1.0;;1;Никомед Дания А/С
ChIJhym9HpFHtUYRIOizFhciKSg;1.0;1.0;;3;Ник-Фарм ЗАО
ChIJhznEcS5ItUYR5ZY2DywZfHs;0.5;0.5;1826.0;2;Биотика АО
ChIJhznEcS5ItUYRLtPFGk4ylO0;0.8;0.5;1826.0;10;"ООО ""Ланафарм"" (Лаборатория Натуральной Фармакологии)"
ChIJi0hOjQpKtUYRNL-Tg0RQXsc;1.0;0.7916666666666666;1826.5;19;Фархемия С.р.Л.
ChIJi1qwc4M1tUYR8KSgTZHBizY;1.0;0.25;1827.0;3;ООО «КИСЛОРОД  ПЛЮС»
ChIJi4gkjf60SkERiUbCzqwpC98;1.0;0.3333333333333333;1486.0;3;"ЗАО ""Гирудо-Мир"""
ChIJi4x6b_81tUYR7w8oeUKdUAU;1.0;1.0;;13;"Общество с ограниченной ответственностью ""БИОН"" (ООО ""БИОН"")"
ChIJi6ZBTB62SkER3-M_hvAaMRQ;1.0;1.0;;1;Диафарм ООО
ChIJi9W-h1pKtUYRVjry2w6zFLA;1.0;0.3521739130434783;1826.125;28;"ООО ""Индукерн-Рус"""
ChIJi9W-h1pKtUYRk3A2TDvvZa4;1.0;1.0;;11;Лонг Шенг Лимитед
ChIJiR0kxHJNtUYRT_AHrUKGmgc;0.971830985915493;0.49295774647887325;1826.5;71;Микро Лабс Лимитед
ChIJiU0jTOVLtUYRba9dUL-NqlA;0.9825;0.9274265961078867;1826.0833333333333;262;"Общество с ограниченной ответственностью Фирма ""Здоровье"" (ООО Фирма ""Здоровье"")"
ChIJiU9ttgI3tUYRCRtYWxTIE64;1.0;0.8888888888888888;1826.0;18;"ООО ""Аптека Фармикон"""
ChIJiWFCiZxJtUYRcdoLCvJq6PY;1.0;1.0;;1;Красная Звезда ХФЗ ОАО
ChIJiZ51ngVLtUYRAsiIhG-MqIs;1.0;1.0;;2;"Государственное учреждение здравоохранения ""Саратовская областная станция переливания крови"""
ChIJi_2m6FwUtUYRvs89OOKXFSc;1.0;1.0;;2;"ФГУП ""ГНПРКЦ ""ЦСКБ-Прогресс"""
ChIJieZTUhNKtUYR-gKL6naxjzU;0.8571428571428571;0.7527787130080458;1994.4991869918697;557;"Федеральное государственное унитарное предприятие «Научно-производственное объединение по медицинским  иммунобиологическим препаратам «Микроген» Министерства здравоохранения Российской Федерации (ФГУП ""НПО ""Микроген"" Минздрава России)"
ChIJieZTUhNKtUYRlHpcqUkqDTE;0.7037037037037037;0.30811662726556344;2025.2763157894735;260;"Федеральное государственное унитарное предприятие «Научно-производственное объединение по медицинским  иммунобиологическим препаратам «Микроген» (ФГУП ""НПО ""Микроген"")"
ChIJiyFAlg_KSkERP0xQbPVdqPM;1.0;1.0;;2;Биовет АО
ChIJj1lzW3s3tUYR0Nutzmtd71s;1.0;0.5;1826.0;2;"ООО ""Вита"""
ChIJj4t79BRLtUYRcIbi3f1eAcg;1.0;1.0;;1;"ООО ""Институт новых технологий"""
ChIJj8R0LmBJtUYRKQd2I6zZh98;1.0;0.0;1826.0;1;" ООО ""Адиком"""
ChIJjQ0bqkNKtUYRxA7Zq5Fcbuk;0.9565217391304348;0.9130434782608695;1675.5;46;Лаборатория Иннотек Интернасиональ
ChIJjSRsrDhKtUYRqq0n13vYoOo;1.0;0.9629629629629629;1826.0;27;"Общество с ограниченной ответственностью Фирма ""Здоровье"""
ChIJjXegpW82tUYR_bqQYsvu1nA;1.0;0.0;1826.0;1;Биотэк МФПДК ЗАО
ChIJjYDQzGIitUYRSaqLx7iiYLU;1.0;1.0;;4;"ООО ""Горос21.РУ"""
ChIJjZCTbqVLtUYRfA9j4_iqWNQ;1.0;0.0;1826.2;5;"Общество с ограниченной ответственностью ""Сегмента Фарм"""
ChIJjaCDP79KtUYRQL35OSgniAI;1.0;1.0;;2;СтатусФарм ООО
ChIJjc6eUNSvSkERr9bN11bL2f8;1.0;0.36363636363636365;1826.2777777777778;34;"ООО ""Аболмед"""
ChIJjdiqPOpJtUYR6irKP8NYbjA;0.9631331699346406;0.8492647058823529;1765.9841269841272;68;Меда Фарма ГмбХ и Ко.КГ
ChIJjwl8pXZKtUYRPCUcXjNKtXk;0.0;1.0;;1;Петрохим ЗАО
ChIJjxjSSUA2tUYRAODsVZMN2JQ;1.0;1.0;;4;"ООО ""Фарма ВИД"""
ChIJk7FXGh5KtUYRUtOdUwazFNE;1.0;0.0;1826.0;2;Фармация Лтд (компания группы Пфайзер)
ChIJk8hJYMHKSkERNiFFZDkFexw;1.0;0.0;1826.0;10;Центральный научно-исследовательский институт эпидемиологии Роспотребнадзора ФГУН
ChIJk901lTRItUYRu91Ak-OGuR4;1.0;1.0;;2;"Федеральное государственное бюджетное научное учреждение ""Научно-исследовательский институт фармакологии имени В.В. Закусова"""
ChIJk9LVW6gVtUYRZdIZhD_6JpM;1.0;1.0;;1;Лек
ChIJk9sG3SNLtUYR4YzCTG8Lq1g;1.0;0.6470588235294118;1826.5;17;"Общество с ограниченной ответственностью ""МОСФАРМ"" (ООО ""МОСФАРМ"")"
ChIJkRdOivVKtUYRnmgFl7uUgpI;0.0;0.0;1826.0;5;Научно-исследовательский центр фармакотерапии ЗАО
ChIJkXvpz6JOtUYRL0UDgEU1PWc;1.0;0.44;1826.4285714285713;50;"Публичное акционерное общество ""Фармак"" (ПАО ""Фармак"")"
ChIJkYA2d_1KtUYRG6l79Hy6kXE;1.0;0.0;1827.0;1;ООО “АТЦ-Фармация”
ChIJkYIElJ5MtUYRYKZ5Nc076c8;1.0;0.0;1826.0;1;Национальный центр ядерных исследований
ChIJkbo1cRJLtUYRMGRLo57JCGQ;0.978874883286648;0.6026680431622821;1806.7700152207003;523;Тева Фармацевтические Предприятия Лтд.
ChIJkfnpT2tLtUYRCyA1EvV9LNk;1.0;1.0;;1;Натурекс С.А.
ChIJkzrbU7RLtUYRezTedDhMBCU;1.0;0.0;1827.0;1;Эйсай Лимитед
ChIJl2pujPBGtUYRvof5FtiL34M;1.0;0.35416666666666663;1829.8333333333333;46;"Общество с ограниченной ответственностью  ""Алвилс Патент"""
ChIJl3KMDkFItUYRK0bAz60VAfw;1.0;1.0;;1;"Федеральное государственное бюджетное учреждение ""Российский научно-исследовательский институт гематологии и трансфузиологии"" Федерального медико-биологического агенства (ФГБУ ""РосНИИГТ"" ФМБА России)"
ChIJl4iGdHI1tUYRPpuMLBy-t98;0.9227166276346603;0.6784948578469265;1756.8237898465172;443;"Открытое акционерное общество ""Верофарм"""
ChIJl8fvfGArtUYRVxUHtIlVE4g;1.0;0.0;1826.0;1;"ОАО ""Бофарм"""
ChIJlTSlUAIytUYRP9xA9WqZoOU;1.0;1.0;;5;"Центр цветочной терапии ""Баха"" ООО"
ChIJlWT-LpxLtUYRV1fBDtrFltE;1.0;0.0;1826.0;1;АПЕКС
ChIJl_s3xxBKtUYRuBisi-PCmjw;1.0;1.0;;4;Зигфрид АГ
ChIJlcletYtKtUYRog86zzoytRk;1.0;0.5;1826.0;2;"ООО ""Азот"""
ChIJlzLdmXI1tUYRBiew_KjivSo;1.0;0.5;1826.0;2;"ООО ""Сервис МЛТ"""
ChIJm-cMzrhLtUYRXMTQxK4KaM0;0.9648475909537857;0.7914208456243855;1826.6052631578948;132;Мерк Шарп и Доум Корп
ChIJm0SyLPhHtUYRQqEUH_oP958;1.0;0.7407407407407408;1826.0666666666666;37;"ООО ""Славянская аптека"""
ChIJm3B8sINMtUYRTPc2C-3HsQo;0.9456521739130435;0.7602173913043478;1752.2700534759358;77;Эколаб ЗАО
ChIJm3z3Vv1LtUYRSojZRlFCmsg;1.0;0.0;1826.0;5;"Закрытое акционерное общество  ""Филевское оптово-розничное предприятие"" (ЗАО ""ФОРП"")"
ChIJm435hdVKtUYRZOM_gPVlMyA;0.0;0.0;1826.0;3;Биосервис биотехнологическая компания ЗАО
ChIJm5FQtSFLtUYRcLjIkK1z0wI;0.9895833333333334;0.8464583333333334;1780.701388888889;90;Рекитт Бенкизер Хелскэр Интернешнл Лтд
ChIJm7thp51JtUYRdJ9vdgRYE84;1.0;1.0;;4;Дивис Лабораториз Лимитед
ChIJmQ8V04tMtUYRFpGAOkerCvc;1.0;0.0;1826.0;1;Хамельн фарма плюс гмбх
ChIJmRlppFlKtUYRAYZL6rWs5gA;1.0;0.8953125;1591.7857142857142;74;"ОАО ""Нижегородский химико-фармацевтический завод"""
ChIJmRz3TEdKtUYRluyPDuMFaLM;0.9349593495934959;0.7788617886178862;1824.078947368421;47;"Юник Фармасьютикал Лабораториз (Отделение фирмы ""Дж.Б.Кемикалс энд Фармасьютикалс Лтд"")"
ChIJmSZAzFrKSkERjvrcuCZOAp4;1.0;1.0;;4;"ООО ""Завод Медсинтез"""
ChIJmSbw8aY_tUYRMwI1ASuUhxY;1.0;0.9268292682926829;1826.1666666666667;43;"ОАО ""Фармацевтическая фабрика Санкт-Петербурга"""
ChIJmarHcztNtUYRAjTT7Vs_yAU;0.5;0.5;1826.0;4;ЦНИ рентгено-радиологический институт МЗ РФ
ChIJmdggAvNKtUYRgJ8M1e74Gfs;0.8727272727272727;0.8545454545454545;1826.125;19;"Федеральное государственное унитарное предприятие ""Ордена Трудового Красного Знамени научно-исследовательский физико-химический институт имени Л.Я. Карпова"" (ФГУП ""НИФХИ им.Л.Я.Карпова"")"
ChIJmftiOMpJtUYRUCJqGsDBtXg;0.875;0.90625;1826.0;19;с.а. Алкон-Куврер н.в.
ChIJmxkSuIVOtUYR8YdojvAV9yQ;1.0;1.0;;3;"ООО ""Евромед"""
ChIJmy7LboRJtUYRTcBs-6Z7v5w;1.0;1.0;;1;"Федеральное государственное бюджетное учреждение ""48 Центральный научно-исследовательский институт"" Министерства обороны Российской Федерации"
ChIJn-lNRw5LtUYR8gybSDdC-dE;0.8378600823045268;0.8131687242798353;1798.6153846153848;88;Шеринг-Плау Лабо Н.В.
ChIJn3cP_wlItUYRldPKafnyL8k;1.0;0.0;1827.0;1;"ЗАО ""Окси"""
ChIJn4MADSRGtUYRkpti9eVzysk;0.8571428571428572;0.6190476190476191;1826.0;10;Пранафарм ООО
ChIJn5ei5fxMtUYRXaS5cgWZtjo;1.0;1.0;;1;"ЗАО ""Аптеки 36,6"""
ChIJnQSDtiNLtUYReMpvnlXoxqE;1.0;0.8484848484848485;1826.5;34;Эспарма ГмбХ
ChIJnTbZ-HBItUYRPk2tbZRQlyM;1.0;1.0;;3;Септодонт
ChIJnYaFmsdJtUYRilxSVRbViZ4;1.0;0.0;1826.0;1;"Закрытое акционерное общество ""Форсайт"""
ChIJnYaPtiVLtUYRuK3rKkGK2U8;1.0;0.8;1468.0;20;Альфа Вассерманн С.п.А.
ChIJnZ-jKk02tUYR2NTNezczWH4;1.0;1.0;;3;"ООО ""Натурвита"""
ChIJnZZW2yFLtUYRwTUBIjKkST4;0.9;0.7807692307692308;1826.5555555555557;36;"Общество с ограниченной ответственностью ""Герофарм"""
ChIJnZtRtRK2SkERKi70uYioCPo;0.5;0.0;1826.0;2;Фармация
ChIJn_8YrSBNtUYRI43H0GseLmU;1.0;0.9444444444444445;1826.0;9;"ООО ""СИА ИНТЕРНЕЙШНЛ Активные Фармацевтические Субстанции"""
ChIJn_8YrSBNtUYRxyUlP-UJ5Yw;0.9920159680638724;0.677977378576181;1826.7266666666665;177;Сан Фармасьютикал Индастриз Лтд.
ChIJn_aYQZxItUYRhC6m01eiNzw;1.0;1.0;;1;ДАВ Фарм ООО
ChIJnwMGHpy1SkER3qmgi96tDk0;0.975609756097561;0.8902439024390244;1826.1666666666667;84;Гексал АГ
ChIJnyeXJ5FLtUYRw9mZolVn2dg;1.0;0.625;1827.0;5;"ООО ""Компания Вилана"""
ChIJnymI8kY3tUYR4t0huzOeQOs;0.5;0.5;1826.125;12;Росмедпрепараты ЗАО
ChIJo0Uv5EUUtUYRIls9qFHLMds;1.0;1.0;;1;Солагран Сан ООО
ChIJo3GdecFKtUYRRVo0uR0dOYk;1.0;1.0;;1;Московское представителъство компании Бхарат Сирамс энд Ваксинс Лимитед(Индия)
ChIJo4ySLC9NtUYRls9Ry09flcI;1.0;0.0;1826.0;1;"ЗАО ""Астрафарм"""
ChIJo5zZa5zKSkERl-aVlk3Q1Xs;0.9458333333333333;0.8208333333333333;1709.0;30;Талекрис Биотерапьютикс, Инк.
ChIJo7GCS9G0SkERF_0Ka_LaICU;1.0;0.9090909090909092;1826.6666666666667;39;ПРО.МЕД.ЦС Прага а.о.
ChIJo8Oi2ApNtUYRBHSUceApjh4;0.9772727272727273;0.8745265151515151;1826.090909090909;61;"Представительство компании ""Люпин Лимитед"" (Индия) г. Москва"
ChIJo8Oi2ApNtUYRhSmy4-v1aDA;1.0;0.7875;1827.0;21;Юнимакс Лабораториз Пвт. Лтд.
ChIJo8hJYMHKSkERXx1iMpZyYt4;1.0;0.6666666666666666;1826.0;12;"Общество с ограниченной ответственностью Научно-производственное предприятие ""БИОНОКС"" (ООО НПП ""БИОНОКС"")"
ChIJoQoEejBNtUYRRBUuwmAtndY;1.0;0.9791666666666667;1059.0;25;ЭХО НПК АОЗТ
ChIJoUk_NHW0SkERMgy3DMTrbDM;1.0;0.8535412085944;1826.482142857143;189;"Открытое акционерное общество ""Органика"" (ОАО  ""Органика"")"
ChIJobh_bh1JtUYRSZOk-btWrPU;1.0;0.42857142857142855;1826.5;7;"Общество с ограниченной ответственностью ""ПРОФИТ ФАРМ"" (ООО ""ПРОФИТФАРМ"")"
ChIJp-ivQzO1SkERD45vqXVOI_Q;0.921875;0.35062499999999996;1802.5;46;Скопинский фармацевтический завод ЗАО
ChIJp4q1IRNLtUYRf8uZUhOrFeI;0.9907407407407408;0.9605413105413106;1826.3076923076924;124;Цисин Фармацевтическая Компания
ChIJp4zGrThPtUYROpK-sA4Ypsc;0.6666666666666666;0.625;1826.0;10;"ООО ""АЗТ ФАРМА К.Б."""
ChIJp5Y2y65JtUYR-wPn6n40LJ4;1.0;0.8461538461538461;1827.0;13;Джепак Интернейшенл
ChIJp7OiFxBLtUYRAlLOfZyUKcg;0.9400477149034518;0.5872718897444911;1765.1818181818182;357;"Представительство ОАО ""Гедеон Рихтер"" (Венгрия) г. Москва"
ChIJp86LJ7tLtUYRQUaY8Kdqo-o;0.75;0.75;1826.0;3;Сибирский центр фармакологии и биотехнологии ЗАО
ChIJpQ9D8jBItUYRFofd50bTTJQ;1.0;0.7419354838709677;1826.0;31;Озон ООО
ChIJpR5k30pKtUYR-HwuDyjwqT4;1.0;0.6666666666666666;1826.0;3;"ЗАО ""Биофарма"""
ChIJpR5k30pKtUYRZoo051Nr5mE;1.0;1.0;;1;Фармаклон НПП ООО
ChIJpTXLdYM1tUYRX7Sbc4G3a_E;0.3333333333333333;0.1111111111111111;1826.5;14;"ООО ""Веледа Ист"""
ChIJpUcY8MpKtUYR8QhGZMhkwsQ;0.0;0.0;121.0;1;Архангельский опытный водорослевый комбинат ОАО
ChIJpWioROk1tUYR_L6jkwcXUWU;1.0;1.0;;1;Фармацевтический научно-исследовательский институт
ChIJp_3sie9KtUYR1zv2htsCOxI;1.0;1.0;;1;Центральное научно-конструкторское бюро ФГУП [Москва]
ChIJp_wTwZYxtUYRzjN_BLoTpnE;1.0;1.0;;2;"ООО ""Фарма Старт"""
ChIJpbhK4mBStUYROadxJ2TQvmg;1.0;0.5;1826.0;2;"АО ""Биофарм"""
ChIJpcLd7rNLtUYR6YonkIjaX7U;0.6666666666666666;0.6666666666666666;1826.0;3;Фарматон С.А.
ChIJpcUTYB1ItUYR9PPl4BMbcRw;1.0;1.0;;1;"Закрытое акционерное общество ""АПФ-Трейдинг"""
ChIJpfCuKN9LtUYRh2gHkjEMTNs;1.0;0.718421052631579;1826.0;34;"Представительство АООО ""Октафарма Нордик АБ"" (Швеция), г. Москва"
ChIJpfjJydtHtUYRk5Dxrgu22lY;1.0;0.0;1826.5;3;Фармактивы ООО
ChIJpyo6CVoUtUYRGUK2oxWi2xI;1.0;1.0;;1;"ООО ""КриоГаз"""
ChIJpzW3y0XKSkERrvGiuICqHUw;1.0;0.5;1826.0;2;Фармика ООО
ChIJq3KAlTc3tUYRFr46kUkqjpI;0.875;0.875;1826.0;13;"ООО ""Лекарственные средства ВАЛА-Р"""
ChIJq5uRwPKtSkERZSAC_d4YYT8;0.4375;0.0;1826.0;16;Диагностические системы НПО ООО
ChIJq6qWQWS1SkER6WWthbaBVJ4;1.0;1.0;;1;"ООО ""Лигфарм"""
ChIJq6qqasxEtUYR1tRvm4fQYLs;0.875;0.5744565217391304;1658.8846153846152;135;"Закрытое акционерное общество ""Биокад"""
ChIJq6qqasxEtUYRKMobQ8i0TjU;0.9;0.850834879406308;1826.75;133;"Открытое акционерное общество ""Биомед"" им.И.И. Мечникова"
ChIJqQVrQ_7MSkERUydsRUq3oW8;1.0;1.0;;5;Алкалоида Химический завод ЗАО
ChIJqRr1P7xOtUYRqoj0JCv_bRM;1.0;1.0;;3;"ООО ""Медицинская компания ""Народная Медицина"""
ChIJqSMZvmyzSkER26JolfVCckw;1.0;0.0;1826.4583333333333;13;"Федеральное государственное бюджетное учреждение ""Российский онкологический научный центр имени Н.Н. Блохина"" Министерства здравоохранения Российской Федерации (ФГБУ ""РОНЦ им. Н.Н.Блохина"" Минздрава России, филиал ""Наукопрофи"" ФГБУ ""РОНЦ им. Н.Н.Блохина"" МЗ РФ)"
ChIJqTdV87tJtUYRiA_PHfRyEiw;1.0;1.0;;4;"ООО ""НТФарма"""
ChIJqUEjAnJKtUYRfGverscRpY0;1.0;0.8711018711018712;1162.1666666666665;50;"Общество с ограниченной ответственностью ""Эн.Си. Фармасьютикалз"""
ChIJqVjuv-I0tUYR24VQf6E9RMM;1.0;0.6525490196078432;1826.1051587301588;57;"Общество с ограниченной ответственностью ""ИСТ-ФАРМ"" (ООО ""ИСТ-ФАРМ"")"
ChIJqapo7AmxSkEReBZzmJ0T0VU;1.0;0.5;1826.0;4;"ЗАО ""Фирма ""Евросервис"""
ChIJqfGpkihNtUYRp3xIaRyspKA;1.0;0.5;1826.0;2;НИККа ЗАО
ChIJqxHHBMVJtUYRdrrjeL8llR8;1.0;0.8571428571428572;1827.0;26;Сталлержен АО
ChIJqza6o04-tUYR0TFo3Os9HiM;1.0;0.5;1826.0;2;"Общество с ограниченной ответственностью ""Научно-производственная фирма АКАр"""
ChIJr07i74pOtUYRafpQveK-aZs;1.0;0.0;1826.3333333333333;3;Новатор Фарма ЛЛП
ChIJrU-4nLhJtUYRaaBv2C2mvyU;1.0;1.0;;1;-
ChIJrXLUUhJKtUYRx6R0nCavUKA;0.9200626959247649;0.8338557993730407;1826.0;106;"Общество с ограниченной ответственностью ""Научно-производственная фирма ""МАТЕРИА МЕДИКА ХОЛДИНГ"" (ООО ""НПФ ""МАТЕРИА МЕДИКА ХОЛДИНГ"")"
ChIJrY_6bMRMtUYR6T4PLI7YDTY;1.0;1.0;;1;"ЗАО ""Медимпэкс"""
ChIJrbwbFtQ0tUYR755xI-ukStk;1.0;1.0;;1;Фиделити Капитал ЗАО
ChIJrdvsCXpJtUYRgmf3CDiLZSM;1.0;1.0;;2;"ООО ""Пси-Фарма"""
ChIJrfA-ihGzSkERv9vEUkuSXg8;0.6666666666666666;0.16666666666666666;1656.4;6;Ласкрафт ЗАО
ChIJrwgEmTxItUYRUYtqLG6ypAU;1.0;0.7272727272727273;1826.0;12;"ООО ""Проктер энд Гэмбл"" Дистрибьюторская Компания"""
ChIJrxSJ8lSzSkERwEOJjGD1eM0;1.0;0.0;1826.0;1;Хант-Холдинг ООО
ChIJrybe6-dKtUYRzLFutFZe3vE;0.9964028776978417;0.4064748201438849;1518.1153846153848;140;Астеллас Фарма Юроп Б.В.
ChIJs2zlNdI0tUYRlQ-wVhcAfmQ;1.0;1.0;;1;Чунцин Тианди Фармасьютикал Ко., Лтд
ChIJs47XZyM2tUYR5jYWGmks7UM;1.0;0.0;1826.0;3;"ООО ""Фармацевтические проекты"""
ChIJs60Km8KtSkERvG2zW1VWZuw;0.9958333333333332;0.766876151221427;1826.2360869565218;168;"Закрытое акционерное общество ""Иван-Чай"" (ЗАО ""Иван-Чай"")"
ChIJs8k2pDlKtUYRTBV4Ej5i3Os;0.875;0.6613247863247863;1828.4043715846994;128;"Общество с ограниченной ответственностью ""Натива"" (ООО ""Натива"")"
ChIJs9oQhDO2SkERjGpELySBda8;1.0;0.75;1826.0;3;"ООО ""Саранская кислородная компания"""
ChIJsQrpg-dKtUYR-HoJoprREHs;0.9077501445922499;0.6552920763447079;1826.04;161;"Открытое акционерное общество ""Красфарма"" (ОАО ""Красфарма"")"
ChIJsTKzKLxOtUYRnksEMjmO1u8;1.0;0.5;1826.0;2;Эгис Фармацевтический завод А.О.
ChIJsVY4cF6ySkERiSBO08AXSMA;1.0;0.8823529411764706;1826.6666666666667;51;"ООО ""Камелия НПП"""
ChIJs_exskYUtUYR8pp1GTFEMRE;1.0;0.3333333333333333;1826.5;3;"ООО ""Биопин Фарма"""
ChIJs_fJ4iNNtUYRfv9VB1kuXI8;0.0;1.0;;2;Фитофарм-НН НЗЛП ФГУП
ChIJsaOWPMZLtUYRu9IR8L7gHTQ;1.0;0.0;1826.0;2;Фарма Старт ООО
ChIJscG0kuFKtUYRywa8D-W3Bt0;1.0;0.4807692307692308;1116.0;27;Санофи Пастер С.А.
ChIJsfsq2olKtUYR2ca7YY0a1Co;1.0;1.0;;1;Пфайзер АС
ChIJswjg3NpMtUYRgkjh7DWTyws;0.9523809523809523;0.7738095238095238;1669.4736842105262;84;Плива Хрватска д.о.о.
ChIJsygL9UIUtUYRsYlUQqhOn8U;0.8533834586466166;0.6191102756892229;1826.4696969696968;103;Роскарфарм АО
ChIJsz9wC_U1tUYRwxIp1LVDgms;0.9876543209876543;0.8282828282828283;1826.1666666666665;42;Фармзавод Ельфа А.О.
ChIJt9KS95lLtUYRnI8sQf75Cq0;1.0;0.0;1826.0;1;БиСи Фарма Б.В.
ChIJt9urMlGzSkERj9tNWpPwvu0;1.0;0.1;1826.6875;11;"Общество с ограниченной ответственностью ""ИРВИН 2"" (ООО ""ИРВИН 2"")"
ChIJtUHdD-TMSkERz2UWMRRk6c4;1.0;0.5;1826.0;2;"Общество с ограниченной ответственностью ""Нордгаз"" (ООО ""Нордгаз"")"
ChIJtWMGEaBNtUYROvHrLEWfo0c;1.0;0.8095238095238095;1826.5;42;Хетеро Драгс Лимитед
ChIJtWiSRLazSkERAXQPYfA8FMA;1.0;1.0;;2;Фрутаром Швейцария Лтд.
ChIJtZ0ixdpMtUYRJW8SkAGHgP4;1.0;1.0;;2;Глаксо Оперэйшенс Великобритания Лимитед
ChIJteSYs7FLtUYRN4RzNBJ2P1s;1.0;0.888888888888889;1826.5;21;Замбон Свитцерланд Лтд
ChIJteSYs7FLtUYRPCw1Aiev_FE;1.0;0.8084415584415584;1826.2222222222224;48;Италфармако С.п.а.
ChIJtfmJlfeySkERM8quumUoRUA;0.9552669552669553;0.8042929292929293;1813.107142857143;79;ТАД Фарма ГмбХ
ChIJtfuPrjhPtUYR4B6qQ373oFo;1.0;1.0;;5;Фрамон ЗАО
ChIJu-M9ouBJtUYRYu60R52Xi9c;1.0;1.0;;1;"ООО ""Русская медицина"""
ChIJu0cYuXI2tUYRcqn0g1DBrJU;1.0;1.0;;3;Резерв-М ООО
ChIJu0cpgh5ItUYRgUw7GkBlxZA;1.0;1.0;;5;Фармаприм ООО
ChIJu4O6bBG0SkERH2Glcrufkzo;0.9166666666666666;0.75;1886.9166666666667;31;Санофи-Синтелабо Лтд
ChIJu4nq5OHPSkERVN5v6SzNWAI;0.9550165982071354;0.7846138007447059;1825.43320802005;361;Химфарм АО
ChIJu8iaW0w0tUYR2XEfSMEpZVQ;1.0;1.0;;5;"Федеральное государственное бюджетное учреждение ""48 Центральный научно-исследовательский институт Министерства обороны Российской Федерации"""
ChIJu9CsWxpLtUYRWiNWlBLn8VY;1.0;0.95;1678.0;20;Эдас холдинг ОАО
ChIJu9gils9ItUYRLWizlEh5iQI;1.0;1.0;;1;Даниско А/С
ChIJu9gils9ItUYRo5eYfVKIi00;0.8333333333333333;0.5833333333333333;1826.0;11;Янссен-Силаг АГ
ChIJuQi_D2ZKtUYR4qHonjZo7uY;1.0;1.0;;2;Полло ООО
ChIJuQj_agrT3UMR12irrZd4vjs;1.0;1.0;;18;Мерц Фарма ГмбХ и Ко. КГаА
ChIJuVwAaImtSkERpnQslgUctuA;1.0;0.4375;1826.2222222222222;16;"ООО ""Озон"""
ChIJuW5MR1E1tUYRkojFcWttSWM;0.5;0.0;1826.0;2;БиоТон НПФ ООО
ChIJuWT7DDQxtUYRyWVPoODiLmA;1.0;0.0;1826.0;1;"ООО ""Фитогаленика"""
ChIJuY107P1LtUYR3G7xZ7rGH_U;1.0;1.0;;1;"ООО ""МДА"""
ChIJuYVTQ9gstUYRwJ72mpK9FFE;1.0;1.0;;1;Веда Лаб
ChIJudJR0Bs4tUYRZV2jHYvMeJU;0.973404255319149;0.9397163120567376;1847.6176470588234;194;Ф.Хоффманн-Ля Рош Лтд.
ChIJufkCT39LtUYRuEY0SarnYa4;1.0;0.4;1826.0;5;"Общество с ограниченной ответственностью  ""СупраГен"" (ООО ""СупраГен"")"
ChIJuyp2_f9JtUYRcxE26d-h6oM;1.0;0.5454545454545454;1826.0;11;"ООО ""Техноком"""
ChIJv-EvurNMtUYRJz5_g1iBVak;1.0;1.0;;2;C.К. Терапия С.А.
ChIJv0hf4BJLtUYRBpKJcntekR0;0.978835978835979;0.5357142857142857;1826.1851851851852;68;Берлин-Хеми/Менарини Фарма ГмбХ, Германия
ChIJv0hf4BJLtUYRK4WAOJkwknA;0.9736111111111111;0.5535947712418301;1630.0;82;Ростовская фармфабрика ЗАО
ChIJv0ojWa9NtUYRJWYgD1dUCJY;1.0;0.0;1826.0;1;Арменикум+ ЗАО
ChIJv1dBA11ItUYRwTpgN86e2iU;1.0;0.0;1826.0;1;"ООО ""Полифарм"""
ChIJv4SpIY9OtUYRCYJd7iqMnTg;1.0;0.8951612903225806;1826.076923076923;75;Фито-Эм аграрно-промышленная фирма ЗАО
ChIJv8bekGpStUYRywThRI6CZ90;1.0;1.0;;13;"ООО ""Диафарм"""
ChIJv95ZP0ZKtUYRcCwfTwmIOPA;0.9875;0.9099999999999999;1871.9;77;Санофи Шими
ChIJvQnrW6JNtUYRwjt0F_xZ-Zw;0.6666666666666666;0.5833333333333334;1826.0;33;"ООО  ""Гомеопатическая фармация"""
ChIJvRqIgXRItUYRJDWpG5d3VL8;1.0;0.5;1827.0;2;"ООО ""Фармлюкс"""
ChIJvS5sNolKtUYR0TfMFpYvPcU;0.8948218837237529;0.5381569365214225;1514.8117050691246;155;Упса Лаборатории, отделение Бристол-Майерс Сквибб
ChIJvSkM4cZNtUYRenDdmYIi-Fw;1.0;1.0;;1;Пермфармация ОАО
ChIJvTdL7u1MtUYR401N-nauPxk;1.0;0.818954248366013;1826.3999999999999;56;Ядран Галенский Лабораторий а.о.
ChIJvWFO9ES1SkER7jmZAoqPVE4;1.0;0.28;1826.2222222222222;50;"ООО ""АРС"""
ChIJvdmABgS1SkERLMz-Mtw3REU;1.0;1.0;;1;Касторсервис ООО
ChIJve99YoA2tUYRiJmOCp0LCxE;1.0;0.0;1826.0;4;"ООО ""Колорит-Фарма"""
ChIJveVS7eFKtUYRdVWjQEI-UOk;0.9858757062146892;0.3432203389830508;1814.8198198198197;355;Новартис Фарма Штейн АГ
ChIJvyWWyqjKSkERuDGLRwPyyeU;1.0;0.0;1826.0;2;Толмар, Корп.
ChIJw0jGtFC1SkERVe0FauPd_Mo;0.9629629629629629;0.724867724867725;1683.75;35;Зеленая Дубрава ЗАО
ChIJw32egY0xtUYRHiMZWkLVtkI;1.0;1.0;;1;Чем-Ист Лтд
ChIJw3s8jQlKtUYRjjUndY4XcR8;1.0;1.0;;8;"ООО ""Научно-производственная фирма ""Материа Медика Холдинг"""
ChIJw4PJ6iBKtUYRLoN8ZxI1Zt8;1.0;1.0;;3;"ЗАО ""Скай Лтд"""
ChIJw6CGOPCxSkERZdlGuKq0HOk;1.0;1.0;;54;Санкт-Петербургский НИИ вакцин и сывороток и предприятие по производству бактерийных препаратов ФГУП ФМБА
ChIJw9ft4PdRtUYRsswpUQHO18k;0.9166666666666666;0.8333333333333334;1826.0;6;"ООО ""БЕРАХИМ"""
ChIJwRJOuiBLtUYRCMfRJf2kvDk;1.0;1.0;;1;Амино ГмбХ
ChIJwZuWHSI1tUYREPrjsatnSbA;1.0;1.0;;4;"ООО ""Бета-Лек"""
ChIJw_26OuVMtUYRClGyexSVQwY;1.0;1.0;;1;Пласт ОАО
ChIJw_Qi20KzSkER7Jl3j5b2ky4;1.0;0.8333333333333334;1825.0;9;"Общество с ограниченной ответственностью ""Гритвак"""
ChIJwbMLDl9MtUYR4RTRfXyz_W4;0.0;0.0;1826.0;1;Доу Кемикал Кампани
ChIJwct8Jm2zSkERSXLyGG-GCpQ;1.0;0.0;1827.0;1;"Общество с ограниченной ответственностью ""СОРБЕНТ"" (ООО ""СОРБЕНТ"")"
ChIJwdZscsxItUYRwBvUzbsfqKo;1.0;0.6666666666666666;955.5;7;"Общество с ограниченной ответственностью ""Лексиръ"""
ChIJwfdBT4lOtUYRlvmtgXtPoYc;0.8833333333333334;0.37666666666666665;1826.2714285714287;57;Фармак а.о.
ChIJwyykEl20SkER2smT135LebI;1.0;0.0;1826.0;1;"Открытое акционерное общество ""ПСК"" (ОАО ""ПСК"")"
ChIJx3_gh2VNtUYRH0qNG2tQ40Y;1.0;1.0;;1;Тавита ООО
ChIJx6HjqeFKtUYR2SgYGrfncHk;1.0;0.5;1826.0;2;"ОАО ""Новолипецкий металлургический комбинат"""
ChIJx6HjqeFKtUYRWrNo66hIFUc;1.0;1.0;;7;Ферринг Фармасьютикалс А/с
ChIJx76NZM1LtUYRQN7LcStjgSg;0.9695697023283231;0.856716769820218;1736.4407894736842;249;Байер Шеринг Фарма Ой
ChIJxRlz9TmzSkER7NCZrNLD9kU;0.8666666666666667;0.5166666666666666;1826.3214285714284;34;Русан Фарма Лтд.
ChIJxU7R4gsVtUYRFGs6bfeVM2A;1.0;0.125;1827.0;7;"Открытое Акционерное Общество ""Логика"""
ChIJxXBVLTI4tUYR4X5FxnBH2Uc;1.0;0.5;1826.0;2;"Общество с ограниченной ответственностью ""Технические Газы"" (ООО ""Технические Газы"")"
ChIJxabpdSJKtUYRONVnAQqWZBY;1.0;0.8888888888888888;1827.0;6;Эббви Лтд
ChIJxcrgQoVMtUYRHo-Ui7MGG_I;0.0;0.0;1826.0;1;"ОАО ""Минеральные удобрения"""
ChIJy-bQBsI3tUYRBRu9EP_WdyY;1.0;0.5;1826.0;2;Комплект Сервис ООО
ChIJy7N_VGm1SkERuCXAxxuOEjs;0.0;0.0;1826.0;1;Атлант ООО
ChIJyQK4UZ5NtUYRwytNG3JDjss;1.0;1.0;;1;"ООО ""Медицинский Центр ""Медицина"""
ChIJyRnCz7hLtUYRoHyBlL4ErqE;1.0;1.0;;1;ХТЛ САС
ChIJyS2nIclMtUYR6uiXMFxWuKY;1.0;1.0;;1;Паркинфарм ООО
ChIJyScE-_w3tUYRj6NlvUqLtKk;1.0;1.0;;2;"ООО ""ДАВ Фарм"""
ChIJySgmdsZLtUYRwukLa7TaPwg;0.9770114942528735;0.6101532567049809;1797.75;41;Представительство АО Варшавского фармацевтического завода Польфа
ChIJyVjGoD1KtUYR_rLyTtG6Y00;1.0;1.0;;3;"ООО ""Медфлорина"""
ChIJyX9eIY9OtUYRzgNmDdg1g0I;1.0;1.0;;1;ООО «СаваФарм»
ChIJyYnfNedJtUYRxgYpxhnx3Aw;1.0;1.0;;1;"ЗАО ""Фармлайн-Д"""
ChIJyZ9Eq8u0SkERR0ENBqSyGyE;0.0;0.0;1826.0;2;Русичи-Фарма ООО
ChIJyakEcg5JtUYRqc-yh74VyqQ;1.0;0.5637931034482758;1826.201581027668;291;"Общество с ограниченной ответственностью ""Атолл"" (ООО ""Атолл"")"
ChIJydtP0a5MtUYRvaTk_uo0weY;0.9787234042553191;0.7446808510638298;1826.3333333333333;47;Аджио Фармацевтикалз Лтд
ChIJywWGXESzSkERKWWGqROgCH8;1.0;1.0;;2;Река-Фарм ЗАО
ChIJyxrRBs80tUYR8_lUjIURXCo;1.0;0.7857142857142857;1826.3333333333333;28;Пфайзер Мэнюфэкчуринг Дойчленд ГмбХ
ChIJyzE6kwNKtUYRF65gUCPSRKo;1.0;0.0;1826.0;1;"ЗАО ""АКАР"""
ChIJz0X-4Qg3tUYRMM7yJmCp73s;1.0;0.5;1826.0;12;Гербе
ChIJz0tiKuBKtUYRnRcew47qre0;1.0;0.8461538461538461;1826.0;13;Ферринг Интернешнл Сентер С.А.
ChIJz0wKvftKtUYRE6bn6S4LM_s;0.9812000683275518;0.5273277357300535;1826.2990909090909;213;Представительство фирмы «Д-р Редди`c Лабораторис Лтд.»
ChIJz1sCl-M4tUYRREYqIbDTxxg;1.0;0.875;1826.0;8;"ООО ""Кировская Фармацевтическая Компания"""
ChIJz2Jz7zjRSkER4JxgsmEYgyY;1.0;0.0;1826.0;2;Аптека Фармикон ООО
ChIJz46fF51MtUYRg0CEtpFDf0Q;0.7272727272727273;0.6363636363636364;1787.5;11;Солвей Фармасьютикалз ГмбХ
ChIJz6AUP1hJtUYRx-pOq9tVaVE;0.0;0.0;1826.0;1;Элегант Индия
ChIJz85mQWBJtUYRqXZd5-n9oTs;1.0;0.9230769230769231;1826.0;13;"Общество с ограниченной ответственностью ""Фармамед"" (ООО ""Фармамед"")"
ChIJzSyBc3pKtUYR5JnmjB_yoAk;0.9963768115942028;0.8459312010661336;1826.0625;93;Производство медикаментов ООО
ChIJzTufgeFKtUYRY-30R1MMne8;1.0;0.625;1826.0;8;Ксантис Фарма Лимитед
ChIJzYCjTB5KtUYR178cpsD6tWA;1.0;0.6;1826.0;19;"Закрытое акционерное общество ""ФИРМА ""ВИТАФАРМА"" (ЗАО ""ФИРМА ""ВИТАФАРМА"")"
ChIJzcQlSwZHtUYRjS8JA-kGUDE;1.0;1.0;;2;"ЗАО ""Анапо-2000"""
ChIJzwcPHSNNtUYRAEg9npOiqO8;0.75;0.75;1465.0;8;Лекко ФФ ЗАО
ChIJzyDqO7dLtUYRc1NJK979u18;1.0;1.0;;3;Рефнот-Фарм ООО
ChIJzyN1jFDMSkERQwylkaZYQkY;1.0;0.17735042735042736;1826.7171717171716;59;"Закрытое акционерное общество ""Бинергия"" (ЗАО ""Бинергия"")"
