name;lat;long;place_id;google_name;google_rating;site;reviews;world_rank;country_rank;link_numbers
Кемеровская ФФ;;;;;;;;;;
Оболенское ФП АО;55.719404000000004;37.611614;ChIJQ4S7OhE1tUYRsayopXzdjU4;Оболенское, фармацевтическая компания;;http://obolensk.ru/;[];1686189.0;155537.0;54.0
Софарма АО;55.773166;37.527029999999996;ChIJ-zHoPnZJtUYR8D_m_FLE-Ec;РЛС;4.2;http://www.rlsnet.ru/;[['Проблема с парковкой.', 4, 1485465879], ['Супер!!!', 5, 1492372310], ['Поблизи с кантемироаской', 5, 1454693118], ['I & you', 5, 1457173209], ['', 5, 1502776635]];12672.0;834.0;1330.0
Мерц Фарма ГмбХ и Ко.КГаА;55.78200699999999;37.582325;ChIJJS3Lnh9KtUYRbkYHY9LYO1M;Мерц Фарма;;http://www.merz.ru/;[];1258264.0;125109.0;134.0
Ла Кэр Фарма Лимитед;;;;;;;;;;
Синтез ОАО;55.921172;37.525644;ChIJWzVIbI85tUYRlTbKa0ve3tE;Тонкий Органический Синтез;4.7;http://www.toshim.ru/;[['Предприятие хоть и старое, но с профессиональным человеческим ресурсом. Жаль главный акционер,глух и нем к перспективному активу. Не нужны проблемы ни городу, ни мэру и тем более стране. Наилучшие пожелания трудовому коллективу. Один Махов сменился другим. :(( Держитесь. С уважением, Логинов', 5, 1406559826], ['', 5, 1516188935], ['', 4, 1462977163]];7517366.0;735589.0;11.0
Бионорика АГ;55.6854855;37.4895685;ChIJTfcbH01MtUYRR_Ii6n44Lcs;Бионорика Аг;1.0;http://www.bionorica.ru/;[['', 1, 1457343242]];1135474.0;76411.0;107.0
ЭВЕР Нейро Фарма ГмбХ/пр.ЭВЕР Фарма Йена ГмбХ;55.7885929;37.58869519999999;ChIJd22kARNKtUYR_15_VenR82g;Эбеве Фарма;;https://www.rlsnet.ru/firm_index_id_404.htm;[];12672.0;834.0;1330.0
Альфа Вассерманн С.п.А.;55.76799329999999;37.60208170000001;ChIJnYaPtiVLtUYRuK3rKkGK2U8;Альфасигма Рус;;https://www.alfasigma.com.ru/;[];;;
АстраЗенека ЮК Лтд/вт уп ЗиО-Здоровье ЗАО;55.4107098;37.57964139999999;ChIJ4zYSmhOoSkERS3QWboOmrZg;Зио Здоровье;3.0;http://www.zio-zdorovie.ru/;[['Современное фармацевтическое предпритие.', 5, 1516470905], ['', 2, 1508212131], ['', 2, 1361328665]];3299070.0;403631.0;26.0
Пабяницкий ФЗ Польфа АО;55.74762399999999;37.563588;ChIJh6UxpMhLtUYRI6kmpUlpPqM;Ciech Polfa;;https://www.polfa.eu/ru/;[];6910622.0;;20.0
АстраЗенека ЮК Лтд/уп.АстраЗенека Индастриз ООО;55.776120999999996;37.553687;ChIJOSu734VJtUYRhdkOc2ECKrw;Астразенека;4.2;http://www.astrazeneca.ru/;"[['Отличный офис ""AstraZeneca"" - БЦ ""Nordstar Tower""', 5, 1497875672], ['Company AstraZeneca not yet participated at the Conference Pharmacosmos in Moscow 2016-2017 ?', 5, 1473421995], ['', 1, 1513609139], ['', 5, 1507020666], ['', 5, 1493729121]]";2490264.0;219718.0;171.0
Белупо лекарства и косметика д.д.;55.709838;37.508419;ChIJW-VRVBNMtUYRIdc5aVQzaWg;Белупо Лекарства и Косметика Д. Д.;1.0;https://www.vidal.ru/drugs/company/193;[['Ь', 1, 1471342532]];117529.0;10337.0;781.0
Белмедпрепараты РУП;55.773166;37.527029999999996;ChIJ-zHoPnZJtUYR8D_m_FLE-Ec;РЛС;4.2;http://www.rlsnet.ru/;[['Проблема с парковкой.', 4, 1485465879], ['Супер!!!', 5, 1492372310], ['Поблизи с кантемироаской', 5, 1454693118], ['I & you', 5, 1457173209], ['', 5, 1502776635]];12672.0;834.0;1330.0
Вифитех ЗАО;55.54576289999999;37.5545701;ChIJN5t4CjesSkERQ1DK79U7f40;Вифитех;5.0;http://vifiteh.ru/;[['', 5, 1508799855]];4311185.0;587610.0;15.0
Уралбиофарм ОАО;55.811562;37.523126;ChIJ-8ek18xJtUYR3JOmVnhoXCE;Уралбиофарм;;http://ubf.ru/;[];6698185.0;709699.0;34.0
Промомед Рус ООО/пр.Биохимик ПАО/ОАО;;;;;;;;;;
Армавирская биологическая фабрика ФКП;55.75458099999999;37.626212;ChIJmRlppFlKtUYRAYZL6rWs5gA;Торгово-промышленная палата Российской Федерации;4.9;http://tpprf.ru/ru/;[['Пешая доступность до 5 линий метрополитена - это важно! )', 5, 1495013391], ['Государственное учреждение. Часто проводятся деловые мероприятия, приём иностранных делегаций, бизнес миссий.', 5, 1476901819], ['Красивое здание итальянского архитектора', 5, 1487603301], ['Видимо здесь торгуют ', 4, 1479191534], ['Beautiful building.\n???? ????.\nКрасивой Здание.', 5, 1516897480]];154036.0;10144.0;2780.0
Эльфа НПЦ АО/пр.Эльфа Лабораториз;55.7148983;37.696357899999995;ChIJPwXWEyi1SkERq8Hod9dusM4;ЭЛЬФА, научно-производственный центр;;https://elfa.ru/o-kompanii/;[];7278901.0;773271.0;10.0
БиоИнтегратор ООО/пр.МираксБиоФарма ЗАО;;;;;;;;;;
Джодас Экспоим ООО/пр.Джодас Экспоим Пвт.Лтд;55.652392000000006;37.723875;ChIJN5oxUnW0SkERWYpJ7qGYp-w;Джодас Экспоим;;http://www.jodas.ru/;[];4058712.0;264539.0;7.0
Джодас Экспоим Пвт.Лтд;55.652392000000006;37.723875;ChIJN5oxUnW0SkERWYpJ7qGYp-w;Джодас Экспоим;;http://www.jodas.ru/;[];4058712.0;264539.0;7.0
Татхимфармпрепараты ОАО;55.9123872;38.009004499999996;ChIJY83Q7CrTSkER4MHnT6ofxlc;Валента Фарм завод;5.0;http://www.valentapharm.com/;[['', 5, 1482173127]];920375.0;73493.0;124.0
Гиппократ ООО;55.78129200000001;37.5767299;ChIJJ8OtDSBKtUYR1vvor6hLTaE;"""Гиппократ""";;;[];;;
Тева Фармацевтические Предприятия Лтд/пр.Фармахеми Б.В.;;;;;;;;;;
Самарамедпром ОАО;55.90070799999999;37.53954100000001;ChIJ65qH_ec5tUYRyqbFA00vVqM;"ООО ""КДК ""Фиора""";;http://www.kdkfiora.com/;[];;;
Эллара МЦ ООО;55.763673;37.567951;ChIJSXH0pC1KtUYR2rrLQr9T7jo;"МЦ ""Эллара""";;http://www.ellara.ru/;[];11878217.0;951270.0;10.0
Микроген НПО ФГУП (Иммунопрепарат г.Уфа);55.73088389999999;37.64435170000001;ChIJ082evx9LtUYRfteuOWQcgD8;"ФГУП ""НПО ""микроген"" МЗ РФ";;http://www.microgen.ru;[];962655.0;100778.0;155.0
Эбботт Лэбораториз ГмбХ;55.82137299999999;37.497718299999995;ChIJT7_H2zxItUYR1N1ini-eKuY;Эбботт Лэбораториз;5.0;http://www.abbott-russia.ru/;[['Офис основных подразделений компании.', 5, 1470731188], ['', 5, 1489264283], ['', 5, 1460583660], ['', 5, 1508746627]];2011150.0;173541.0;695.0
НИИ медицины и стандартизации ООО/пр.РФК ЗАО;55.772303;37.57581100000001;ChIJ-3ZWziVKtUYRM5CeMyvxCs8;"АО ""Всероссийский научно-исследовательский институт сертификации""";;http://www.vniis.ru/;[];3597289.0;317709.0;223.0
Авентис Фарма Лтд/пр.Авентис Фарма Холмс Чэпл;;;;;;;;;;
Медполимер фирма ОАО (Спб);55.810278000000004;37.59155699999999;ChIJmWay4rW4SkERjFsNFF3hcDY;БиоМедТорг, ООО;4.6;http://biomedtorg.ru/;"[['Хотел бы выразить огромную благодарность за отличную работу и высококлассную продукцию всем сотрудникам компании ""БиоМедТорг"". Образцы продукции компания высылает бесплатно, что сейчас редко встретишь. Сотрудничеством довольны, будем и впредь заказывать бахилы только у Вас!!', 5, 1484529649], ['Компания ""Биомедторг"" уже не первый год поставляет бахилы в наш фитнес-центр ""ART-Fit"". Продукция высокого качества при доступной цене. Поставки происходят всегда в срок, оговоренный при оформлении заказа. \nСобираемся и впредь пользоваться услугами компании ""БиомедТорг""!!!', 5, 1481491970], ['', 5, 1514111534], ['', 3, 1507671269], ['', 5, 1500313068]]";1852932.0;127712.0;10.0
Эвалар ЗАО;55.7225439;37.515524600000006;ChIJb5YieAlMtUYRC59u2Jeuyhg;Эвалар;3.0;https://www.evalar.ru/;[['В магазине хороший ассортимент продукции. Практически без торговых наценок, по цене производителя. Минус: написано, что есть скидки пенсионерам, но, как оказалось, только по карте москвича.?', 4, 1485156415], ['Крайне нелюбезная и хамоватая секретарь на первом этаже ресепшн офиса на улице Довженко.', 2, 1506663175]];71435.0;4020.0;232.0
Лихт Фар Ист (С) Пте Лтд;;;;;;;;;;
Берлин-Хеми/Менарини Фарма ГмбХ/пр.Берлин-Хеми АГ;55.7470082;37.536810700000004;ChIJ4xjzpN1LtUYR7rOz674wlMY;Берлин-Хеми/А. Менарини;;http://mezimforte.ru/;[];1972289.0;88619.0;26.0
Микроген НПО ФГУП (Пермское НПО Биомед);55.73088389999999;37.64435170000001;ChIJ082evx9LtUYRfteuOWQcgD8;"ФГУП ""НПО ""микроген"" МЗ РФ";;http://www.microgen.ru;[];962655.0;100778.0;155.0
Долоргит ГмбХ и Ко.КГ;55.76172099999999;37.678987899999996;ChIJtfmJlfeySkERM8quumUoRUA;Верваг Фарма ГмбХ И Ко. Кг;5.0;http://www.woerwagpharma.ru/;[['', 5, 1436652761]];8973971.0;685826.0;42.0
Обновление ПФК ЗАО;55.709838;37.508419;ChIJYTwhVBNMtUYRXUge9SXJ8vo;Аква Марис;;http://aquamaris.ru/;[];931629.0;78839.0;54.0
Джодас Экспоим ООО/пр.НоваЛек Фармасьютикалс Пвт. Лтд.;;;;;;;;;;
Джонсон и Джонсон ООО/пр.Янссен Фармацевтика Н.В;;;;;;;;;;
Шеринг-Плау Лабо Н.В.;55.72319049999999;37.6091515;ChIJn-lNRw5LtUYR8gybSDdC-dE;Schering Plough (Швейцария);;;[];;;
Свердловская областная станция переливания крови;55.761979000000004;37.799353;ChIJHTRqI8LKSkERuw4Luplp0K0;Московская областная станция переливания крови;4.5;http://mospk.life/;[['Несколько раз посещала эту станцию переливания крови. Хочется поблагодарить и выразить уважение этому замечательному коллективу! Всех!\nНачиная от работников гардероба до заведующей! Особенно мед персонал при заборе крови. Очень квалифицировано, внимательно ко всем пациетам, аккуратно работают. Спасибо большое Вам! В регистратуре вежливо и обходительно встречают, что очень приятно! Хочется приходить к ним снова и снова! СПАСИБО БОЛЬШОЕ ВАМ ЗА ЧУТКОЕ ВНИМАНИЕ К ДОНАРАМ!', 5, 1510322474], ['Сдаю кровь(плазму ,ежели быть точным) тут уже лет пять или семь , все отлично, персонал доброжелательный, единственное в помещении ожидания и непосредственно где сдаете кровь стоят телевизоры ... вай фая нет, гардероб есть, парковка условная... в общем и целом , все хорошо.', 4, 1511167806], ['Приятное место. Персонал отзывчивый. Очереди по сравнению с другими СПК не такие уж и большие, а если придти чуть раньше открытия, то вообще быстро пролетишь. Комфортные кресла.', 5, 1504265234], ['Впечатление двоякое: с одной стороны персонал не самый дружелюбный, нет парковочных мест, ремонт давно не проводился (в такой обстановке сдавать кровь далеко не всем комфортно), но с другой стороны меня здесь врач в первый раз при осмотре не допустила к сдаче крови, потому что заметила шумы в сердце, что помогло вовремя купировать заболевание.', 4, 1512664591], ['Очень внимательно смотрят, тащите все справки какие можете. Давали отводы за косой взгляд.', 4, 1518427692]];7805638.0;653121.0;2.0
Эском НПК ОАО;55.773166;37.527029999999996;ChIJ-zHoPnZJtUYR8D_m_FLE-Ec;РЛС;4.2;http://www.rlsnet.ru/;[['Проблема с парковкой.', 4, 1485465879], ['Супер!!!', 5, 1492372310], ['Поблизи с кантемироаской', 5, 1454693118], ['I & you', 5, 1457173209], ['', 5, 1502776635]];12672.0;834.0;1330.0
Дальхимфарм ОАО;55.706340100000006;37.725727299999996;ChIJeZc7yh21SkERx5trQmeTwnI;Дальхимфарм;;http://dhf.khv.ru/;[];212239.0;14713.0;2423.0
СтатусФарм ООО/Ереванская ХФФ;55.773166;37.527029999999996;ChIJ-zHoPnZJtUYR8D_m_FLE-Ec;РЛС;4.2;http://www.rlsnet.ru/;[['Проблема с парковкой.', 4, 1485465879], ['Супер!!!', 5, 1492372310], ['Поблизи с кантемироаской', 5, 1454693118], ['I & you', 5, 1457173209], ['', 5, 1502776635]];12672.0;834.0;1330.0
Тева Фармацевтические Предприятия Лтд/пр.Меркле ГмбХ;55.88479239999999;37.6389671;ChIJJ5fWIyo3tUYRTa5_7lFX-00;ФАРМАДАТА;;http://pharmadata.ru/;[];4505537.0;324956.0;14.0
Эгис Фармацевтический завод ЗАО;55.72749399999999;37.44964909999999;ChIJI4yfn75OtUYRGG4VQOaQWXs;"Фармацевтический завод ""Эгис""";;http://www.egis.ru/;[];1986720.0;177357.0;88.0
Байер АО/пр.Драгенофарм Апотекер Пюшль ГмбХ и Ко.КГ;;;;;;;;;;
Санофи-Авентис Франс;55.7673488;37.60121229999999;ChIJAQDMt-NKtUYRM4Emp4K--ZI;Санофи-авентис;;http://www.sanofi.ru/;[];1660026.0;169075.0;247.0
Сандоз ГмбХ/пр.Глобофарм фармацойтише Продуктьонс унд Хандельсгезелльшафт мбх;;;;;;;;;;
Аджио Фармацевтикалз Лтд;55.686634;37.607479;ChIJydtP0a5MtUYRvaTk_uo0weY;Аджио-Фармацевтика;;http://agio-pharma.yp.ru/;[];64414.0;3574.0;568.0
Таллиннский ХФЗ/пр.Гриндекс АО;;;;;;;;;;
Эбботт Хелскеа Продактс Б.В./пр.Эбботт Хелскеа САС;;;;;;;;;;
Фрезениус Каби Дойчланд ГмбХ/пр.Фрезениус Каби Австрия ГмбХ;55.7901416;37.5470353;ChIJS_LCU5VJtUYRXZtDixoQE5o;"ООО ""Фрезениус Каби""";5.0;http://www.fresenius-kabi.ru/;[['', 5, 1516541875]];4940219.0;491303.0;48.0
Микроген НПО ФГУП (Московское подразделение им.Габричевского);55.77537299999999;37.617059000000005;ChIJieZTUhNKtUYRlHpcqUkqDTE;МИКРОГЕН, НПО ФГУП предприятие по производству бактерийных препаратов им. Г.Н.Габричевского;5.0;http://www.microgen.ru/;[['', 5, 1454321398]];962655.0;100778.0;155.0
Рекитт Бенкизер Хелскэр Интернешнл Лтд;55.7318802;37.6438446;ChIJm5FQtSFLtUYRcLjIkK1z0wI;Рекитт Бенкизер;5.0;http://www.rb.com/;[['', 5, 1465675197]];158176.0;104375.0;1779.0
Такеда Фармасьютикалс ООО/пр.Такеда Австрия ГмбХ;55.730911;37.5766429;ChIJSefogZhLtUYRt0-leiY5nVo;"ООО ""Такеда Фармасьютикалс""";4.9;http://www.takeda.com.ru/;[['Компактный современный бизнес центр со всеми атрибутами', 4, 1513776159], ['Я тут работаю и всем советую) ', 5, 1480453030], ['', 5, 1514494818], ['', 5, 1510307570], ['', 5, 1492264918]];4973307.0;;241.0
Гедеон Рихтер ОАО/пр.Гедеон Рихтер-РУС;55.7283426;37.616930100000005;ChIJp7OiFxBLtUYRAlLOfZyUKcg;Московское представительство ОАО Гедеон Рихтер (Венгрия);;http://www.g-richter.ru/;[];1666466.0;145682.0;162.0
Ликонса А.О./уп.Гедеон Рихтер-РУС;;;;;;;;;;
Байер Шеринг Фарма Ой;55.7903556;37.6599679;ChIJx76NZM1LtUYRQN7LcStjgSg;Bayer AG;4.9;https://www.bayer.ru/;[['Офис отличный', 5, 1509259396], ['Изобретатели аспирина и всех его форм', 4, 1490791696], ['Просто офис  Bayer', 5, 1498567492], ['An awesome that serves people.', 5, 1495365414], ['', 5, 1509212205]];393077.0;35731.0;319.0
Фармасинтез АО/пр.Сандживани Парантерал Лтд.;;;;;;;;;;
ЭкоФармПлюс ЗАО;55.773166;37.527029999999996;ChIJ-zHoPnZJtUYR8D_m_FLE-Ec;РЛС;4.2;http://www.rlsnet.ru/;[['Проблема с парковкой.', 4, 1485465879], ['Супер!!!', 5, 1492372310], ['Поблизи с кантемироаской', 5, 1454693118], ['I & you', 5, 1457173209], ['', 5, 1502776635]];12672.0;834.0;1330.0
Гротекс ООО;55.769099;37.5181239;ChIJJSdeaHFJtUYRTjthP6RII0E;Гротек;5.0;http://www.groteck.ru/;[['', 5, 1507008771], ['', 5, 1505480677]];1932670.0;142528.0;307.0
Медисорб ЗАО Пермь;;;;;;;;;;
Астеллас Фарма Юроп Б.В./пр.Теммлер Верке ГмбХ;;;;;;;;;;
АстраЗенека ЮК Лтд;55.7013235;37.57731669999999;ChIJ4w5Mw8bU3UMRTRqwLhVueGA;Astra Zeneca;;http://www.astrazeneca.ru/;[];2490264.0;219718.0;171.0
Озон ООО;55.816399;37.507700899999996;ChIJpQ9D8jBItUYRFofd50bTTJQ;ОЗОН-МОНТАЖ, ООО;;http://ozon-voda.ru/contacts;[];2281640.0;193662.0;53.0
Эли Лилли энд Компани;55.747006000000006;37.53692999999999;ChIJ4xjzpN1LtUYR0ZlLBxiSWAc;Эли Лилли Восток С.А.;;http://www.lilly.com/;[];75979.0;18555.0;2270.0
ДАВ Фарм ООО;55.799392000000005;37.40765089999999;ChIJn_aYQZxItUYRhC6m01eiNzw;"Аптека ООО ""Фарм-Инк""";5.0;http://www.apteki-moscow.ru/directory/page/13/;[['', 5, 1455042055]];;;
Астеллас Фарма Юроп Б.В./пр.Р-Фарм АО/уп.Ортат ЗАО;;;;;;;;;;
Нижфарм АО/пр.Обнинская ХФК ЗАО;55.701682999999996;37.504487;ChIJIWybSrxNtUYR5rirUpXKu34;Неофарм;5.0;http://www.neopharm.ru/;[['Самая лучшая аптека в округе: и по ценам, и по ассортименту, и по отношению к людям. Нежно люблю. Есть аптеки и ближе к дому, но если есть время - хожу в нее.', 5, 1513100450], ['Очень странно давать отзыв аптеке, но как я сюда ни приду тут супермилые провизоры мужчины кажется Павел и Валентин.)', 5, 1482442478], ['', 5, 1519486381]];954145.0;60690.0;254.0
Зентива к.с.;55.7676305;37.60085120000001;ChIJfXUVSz9KtUYRQNT2nzsvvmw;Зентива Фарма;;http://www.zentiva.ru/;[];;;
Салютас Фарма ГмбХ;;;;;;;;;;
Алтайвитамины ЗАО (г.Бийск);55.7327784;37.5822849;ChIJ6VPxt6NLtUYR3XgwKqK4w34;Алтайвитамины;;http://www.altayvitamin.ru/;[];2171914.0;188627.0;81.0
Гексал АГ/пр.Салютас Фарма ГмбХ;55.72416699999999;37.68927;ChIJE83ztiy1SkERvqiJyay0tvg;Аптека;;http://apteka-lek.ru/;[];4580728.0;249856.0;23.0
Йодные технологии и маркетинг ООО;55.72174460000001;37.703503399999995;ChIJXUmmUi61SkERHF9ERMCNavk;Йодные Технологии И Маркетинг;;http://www.itimc.ru/;[];;;
Ирбитский ХФЗ ОАО;;;;;;;;;;
Славянская Аптека ООО;55.740291000000006;37.828728999999996;ChIJ5yzpDWHKSkERIxXsUvrW6Fw;Мицар-Н;;http://mitsar-n.ru/;[];6256316.0;321149.0;39.0
Биннофарм АО;56.014996;37.18598190000001;ChIJsygL9UIUtUYRsYlUQqhOn8U;Биннофарм;4.0;http://www.binnopharm.ru/;[['Ваш препарат,который нам втюхивают, Эритропоэтин,не работает!! При максимальной дозе,2000?7 в неделю! После импортозамещения,будете прокляты, упал гемоглобин', 1, 1511800012], ['', 5, 1510596035], ['', 5, 1485179544], ['', 5, 1442767541]];3298475.0;231205.0;39.0
Пранафарм ООО;55.914914100000004;37.8207083;ChIJQYUyxRoytUYRqAFjjZsf-5E;Аптека 385;4.5;http://www.apteka385.ru/;[['Хорошая аптека, очень внимательные фармацевты. Дают очень хорошую консультацию даже по телефону.', 5, 1514549924], ['Отличные цены, квалифицированные фармацевты.', 5, 1487532460], ['Разумные цены', 4, 1479725474], ['', 4, 1512810168]];;;
Северная звезда ЗАО;55.604113;37.503353000000004;ChIJ1zmbgUmtSkER_hO3YJ3iw_I;"ООО ""Северная Звезда""";4.3;http://north-star.su/;"[['Отличный автосервис. Грамотные мастера,приемлемые цены,качественно выполненные работы. Молодцы!!!', 5, 1521136132], ['Дважды протачивал диски в этом сервисе (одну ось, потом вторую). Остался доволен. Каждый раз присутствовал в рем.зоне, так что успел заметить нормальное отношение к клиентским тачкам. Оборудованы хорошо, мастера работают, по моим наблюдением, без спешки и ""на результат"". \nПожалуй, могу рекомендовать, и уж точно - в части проточки тормозных дисков.', 5, 1507056563], ['Отличный сервис. Особенно хотел бы отметить мастера Сергея. Настоящий специалист в японских авто, действительно любит свою работу и делает все, как себе.', 5, 1511709111], ['Отличный сервис, недорого и почти всё есть. Хороший электрик и жестянщик. Постоянным клиентам скидка', 5, 1512884619], ['Отличный сервис!\nОперативно, качественно, широкий спектр услуг.', 5, 1511448178]]";14838476.0;;39.0
Пфайзер Инк/пр.Пфайзер Айрлэнд Фарма/уп.Веттер Фарма-Фертигунг ГмбХ/вт уп. Вайет Фармасьютикалз;;;;;;;;;;
Фармаприм ООО;55.783640000000005;37.560016999999995;ChIJu0cpgh5ItUYRgUw7GkBlxZA;ООО «ФК Гранд Капитал»;;http://grand-capital.ru/;[];2631002.0;218792.0;26.0
Шеринг-Плау Лабо Н.В./пр.МСД Интернэшнл ГмбХ, Сингапур Бранч/уп.Ортат ЗАО;;;;;;;;;;
Тева Фармацевтические Предприятия Лтд/Айвэкс Фармасьютикалс с.р.о.;55.7626032;37.6167273;ChIJ949EekNKtUYRMdqZlbPH84Q;Айвекс;;http://old.smed.ru/guides/28840;[];187451.0;17513.0;447.0
Здоровье ФК ООО;55.80876899999999;37.7714619;ChIJP08Uouk0tUYRk3ze9-caRGE;Ваше Здоровье ООО;;https://mc-vashezdorovie.ru/;[];;;
Мерк Шеринг-Плау;55.86089200000001;37.48395379999999;ChIJbzmY5hs4tUYRM1aNjyNDbyo;Intervet International B.v. Производитель Ветеринарных Препаратов;;http://www.msd-animal-health.ru/;[];1459539.0;141126.0;137.0
Анжеро-Судженский химико-фармацевтический завод ООО (Асфарма ООО);;;;;;;;;;
Микроген НПО ФГУП (Аллерген, г.Ставрополь);55.73088389999999;37.64435170000001;ChIJ082evx9LtUYRfteuOWQcgD8;"ФГУП ""НПО ""микроген"" МЗ РФ";;http://www.microgen.ru;[];962655.0;100778.0;155.0
ЭВЕР Нейро Фарма ГмбХ;55.7885929;37.58869519999999;ChIJd22kARNKtUYR_15_VenR82g;Эбеве Фарма;;https://www.rlsnet.ru/firm_index_id_404.htm;[];12672.0;834.0;1330.0
Биокад ЗАО;55.760672899999996;37.1689262;ChIJq6qqasxEtUYR1tRvm4fQYLs;BIOCAD (ЗАО Биокад);4.0;http://www.biocad.ru/;[['Класс', 5, 1448571870], ['', 5, 1509354873], ['', 5, 1499705474], ['', 1, 1434538583]];680183.0;45594.0;158.0
Сандоз д.д./пр.Лихтенхельдт ГмбХ Фармацойтише Фабрик/Салютас Фарма ГмбХ;;;;;;;;;;
Фармамос ООО/пр.Митим С.Р.Л./уп.Фармакор Продакшн ООО;;;;;;;;;;
Италфармако С.п.А./уп.Фармакор продакшн ООО;;;;;;;;;;
Биотест Фарма ГмбХ;55.6825777;37.550700799999994;ChIJ-VjiQOxMtUYRWnZshldLBbE;Биотест Фарма ГмбХ;;;[];;;
Кировская ФФ;;;;;;;;;;
Медхимпром-ПХФК;55.748162;37.975952899999996;ChIJh5D3XkHJSkERlTDYYs0NaxE;Медхимпром;;http://www.medhimprom.ru/kontakty;[];4427251.0;300813.0;8.0
Фитофарм ПКФ(г.Анапа);;;;;;;;;;
Хербион Пакистан Пвт Лтд;55.65085379999999;37.50372850000001;ChIJgU5_wGtNtUYRfjvyeiOgskQ;Хербион;5.0;http://www.herbion.com/;[['I had worked for this company for over 15 years ', 5, 1479476375]];2394371.0;33916.0;54.0
Феррер Интернасьональ С.А.;;;;;;;;;;
Лек д.д./пр.Салютас Фарма ГмбХ;;;;;;;;;;
Лек д.д.;55.677569999999996;37.666178;ChIJT6OYP5-0SkERYlHyYw8YBHM;Здоров.ру;4.5;http://www.zdorov.ru/;[['Очень медленные продавцы, нужно заказывать через интернет, чтобы не ждать по 20 минут.\nЕсли делаете интернет-заказ, то проходите в приоритете к остальным, кто его не делал. \nК интернет-заказу нельзя добавлять новые лекарства, но можно сразу их докупить, не беря новый толончик.', 3, 1514215100], ['Недорогая аптека. Удобный сайт, на котором можно все заказать и зайти забрать. Все чисто, аккуратно. ', 5, 1494193474], ['если делать заранее интернет-заказ, то его можно забрать быстро и со скидкой. если надо уточнить наличие, лучше делать это по телефону - в аптеке можно потерять полчаса в обычной очереди', 5, 1490076105], ['Аптека - супермаркет. Хорошие цены, есть возможность сделать заказ через интернет, быстрое обслуживание(~6 касс).  ', 5, 1495355977], ['Цены в аптеке хорошие дешевле чем во многих аптеках, а если заказывать через сайт получается еще дешевле. Также при получение интернет заказа очередь приоритетная, приходишь в аптеку указываешь номер заказа и получаешь заказ быстрее. ', 5, 1478205118]];109421.0;5420.0;79.0
Випс-Мед Фирма ООО;55.966758;38.0569561;ChIJ_UUnnlortUYRg80Y4wMgJ80;"ООО ""Фирма ""ВИПС-МЕД""";5.0;http://www.vipsmed.ru/;[['', 5, 1502564465]];2714926.0;239233.0;115.0
Эльфа НПЦ АО/пр.Протекх Биосистемс Пвт.Лтд/уп.Биохимик ПАО;;;;;;;;;;
Санкт-Петербургский НИИВС;55.786155599999994;37.63529260000001;ChIJe8LHSnVKtUYRXPkn1lar3bo;wer.ru;4.7;http://www.wer.ru/;[['Знаю их ещё со времен проезда Серебрякова! Заказываю на сайте и выкупаю самовывозом. Цены нравятся, хотя есть и подешевле аптечки. Очереди редко, но бывают, зато очередь по талонам. Плохо, что стали требовать рецепты, но понимаю что справедливо. Не очень большой ассортимент по сопутствующим товарам. Так-то доволен на 5*.', 5, 1521140803], ['Отличная аптека, низкие цены, можно заказать в интернете. Очень довольна!  Покупаю там не первый раз.  Обслуживание быстрое.', 5, 1517779979], ['Большая, просторная и удобная аптека. Хороший ассортимент. Цены на некоторые лекарства и товары могут быть минимальными среди всех рядом расположенных аптек. Много касс, в очереди долго стоять не приходится', 5, 1515316413], ['Не всегда есть необходимые лекарства. Можно заказать доставку. Аптека в шаговой доступности. Очень выручает', 5, 1520160983], ['Оборудована по высшему разряду. Есть даже интернет-заказы, но обслуживание совковое! Даже, если ты позвонишь и предупредишь, что зайдёшь за заказом - его будут собирать только при тебе. При этом может выясниться, что нужного лекарства нет, разобрали! А собрать заказ заранее не судьба!!', 2, 1486379721]];168834.0;10225.0;220.0
Д-р Реддис Лабораторис Лтд;55.74400010000001;37.6349599;ChIJz0wKvftKtUYRE6bn6S4LM_s;Др. Редди'с Лабораторис;5.0;http://ibuclin.com/kontakty/;[['', 5, 1500320654]];11671276.0;;1.0
Биосинтез ПАО;55.72028299999999;37.77909069999999;ChIJ6xIHYka1SkERc-eFU7L6eQE;Биосинтез;;http://www.biosintez.com/;[];500339.0;63967.0;78.0
АВВА РУС АО;55.76510309999999;37.41367279999999;ChIJY8up48xItUYRcbCjYoGqLTk;АВВА РУС;5.0;http://www.avva-rus.ru/;[['', 5, 1498811309]];2227896.0;231959.0;36.0
Мосхимфармпрепараты им.Семашко ОАО;55.737886100000004;37.655235299999994;ChIJ055xDOdKtUYR-eYTXo8MdQQ;Мосхимфармпрепараты ОАО им. Н.А. Семашко;3.7;http://www.mhfp.ru/;"[['Отвратительный завод!!!!таблетки делают способом ""не позволяешь,не поешь""сплошная антисанитария!!!сотрудникам деньги перестали выплачивать 3 месяца назад...рыба тухнет с головы!!!', 1, 1513004917], ['Желаю вашему заводу процветания, благополучия, чтобы не останавливались на одном месте и продолжали развиваться!', 5, 1515441036], ['', 5, 1306196066]]";4683085.0;284714.0;46.0
АстраЗенека ЮК Лтд/пр.АстраЗенека Фарма ЛП;55.7013235;37.57731669999999;ChIJ4w5Mw8bU3UMRTRqwLhVueGA;Astra Zeneca;;http://www.astrazeneca.ru/;[];2490264.0;219718.0;171.0
АстраЗенека ЮК Лтд/пр.АстраЗенека Фарма ЛП/уп.ЗиО-Здоровье ЗАО;55.4107098;37.57964139999999;ChIJ4zYSmhOoSkERS3QWboOmrZg;Зио Здоровье;3.0;http://www.zio-zdorovie.ru/;[['Современное фармацевтическое предпритие.', 5, 1516470905], ['', 2, 1508212131], ['', 2, 1361328665]];3299070.0;403631.0;26.0
Самарская областная станция переливания крови;55.761979000000004;37.799353;ChIJHTRqI8LKSkERuw4Luplp0K0;Московская областная станция переливания крови;4.5;http://mospk.life/;[['Несколько раз посещала эту станцию переливания крови. Хочется поблагодарить и выразить уважение этому замечательному коллективу! Всех!\nНачиная от работников гардероба до заведующей! Особенно мед персонал при заборе крови. Очень квалифицировано, внимательно ко всем пациетам, аккуратно работают. Спасибо большое Вам! В регистратуре вежливо и обходительно встречают, что очень приятно! Хочется приходить к ним снова и снова! СПАСИБО БОЛЬШОЕ ВАМ ЗА ЧУТКОЕ ВНИМАНИЕ К ДОНАРАМ!', 5, 1510322474], ['Сдаю кровь(плазму ,ежели быть точным) тут уже лет пять или семь , все отлично, персонал доброжелательный, единственное в помещении ожидания и непосредственно где сдаете кровь стоят телевизоры ... вай фая нет, гардероб есть, парковка условная... в общем и целом , все хорошо.', 4, 1511167806], ['Приятное место. Персонал отзывчивый. Очереди по сравнению с другими СПК не такие уж и большие, а если придти чуть раньше открытия, то вообще быстро пролетишь. Комфортные кресла.', 5, 1504265234], ['Впечатление двоякое: с одной стороны персонал не самый дружелюбный, нет парковочных мест, ремонт давно не проводился (в такой обстановке сдавать кровь далеко не всем комфортно), но с другой стороны меня здесь врач в первый раз при осмотре не допустила к сдаче крови, потому что заметила шумы в сердце, что помогло вовремя купировать заболевание.', 4, 1512664591], ['Очень внимательно смотрят, тащите все справки какие можете. Давали отводы за косой взгляд.', 4, 1518427692]];7805638.0;653121.0;2.0
Верофарм АО;55.783271;37.707726;ChIJl4iGdHI1tUYRPpuMLBy-t98;Верофарм;;https://veropharm.ru/;[];1417198.0;111167.0;118.0
Бакстер АГ;55.771305000000005;37.53832200000001;ChIJB4F09IJJtUYRGlmJbvZ62vE;Baxter AG;;http://www.baxter.com/;[];146106.0;44206.0;1404.0
ГлаксоСмитКляйн Трейдинг ЗАО/пр.ГлаксоСмитКляйн Фармасьютикалз С.А.;55.770605;37.421299;ChIJcWTIzMtItUYRsMzR_m-qC_s;Glaxosmithkline;;http://www.glaxosmithkline.ru/;[];;;
Тульская ФФ ООО;;;;;;;;;;
Такеда Австрия ГмбХ;55.730911;37.5766429;ChIJSefogZhLtUYRt0-leiY5nVo;"ООО ""Такеда Фармасьютикалс""";4.9;http://www.takeda.com.ru/;[['Компактный современный бизнес центр со всеми атрибутами', 4, 1513776159], ['Я тут работаю и всем советую) ', 5, 1480453030], ['', 5, 1514494818], ['', 5, 1510307570], ['', 5, 1492264918]];4973307.0;;241.0
Фармстандарт ПАО/пр.Фармстандарт-Биолек ПАО/уп.Фармстандарт-Уфимский ВЗ ОАО;;;;;;;;;;
Фармстандарт ПАО/пр.ЛЕККО ФармФирма ЗАО;55.785706000000005;37.583985999999996;ChIJk7FXGh5KtUYRUtOdUwazFNE;DSM Group;5.0;http://www.dsm.ru/;[['', 5, 1509901177], ['', 5, 1494950948]];1565275.0;131154.0;153.0
Джодас Экспоим Пвт.Лтд/пр.НоваЛек Фармасьютикалс Пвт. Лтд.;;;;;;;;;;
Ядран Галенский Лабораторий АО;55.684104000000005;37.5460939;ChIJvTdL7u1MtUYR401N-nauPxk;ЯДРАН — ГАЛЕНСКИ ЛАБОРАТОРИЙ;;http://zercalin.ru/;[];2018696.0;155535.0;13.0
Фармзащита НПЦ ФГУП(г.Химки);55.922027;37.4061369;ChIJFfC6-Ck5tUYR8_cDq_aEqeI;"ФГУП НПЦ ""Фармзащита"" ФМБА России";5.0;http://atompharm.ru/;"[[""Komme's workplace"", 5, 1508671711]]";5639371.0;384263.0;46.0
Мерк Сероно С.А./пр.Мерк Сероно С.А., Филиал Обонн;;;;;;;;;;
Никомед Дания АпС/пр.Никомед Фарма АС;;;;;;;;;;
Хоффманн-Ля Рош Лтд/пр.Дженентек Инк/уп.Ортат ЗАО;55.6616108;37.5461009;ChIJn_8YrSBNtUYRI43H0GseLmU;Фармацевтический Вестник Газета;;https://www.pharmvestnik.ru/;[];249370.0;17540.0;854.0
Такеда ГмбХ;55.730911;37.5766429;ChIJSefogZhLtUYRt0-leiY5nVo;"ООО ""Такеда Фармасьютикалс""";4.9;http://www.takeda.com.ru/;[['Компактный современный бизнес центр со всеми атрибутами', 4, 1513776159], ['Я тут работаю и всем советую) ', 5, 1480453030], ['', 5, 1514494818], ['', 5, 1510307570], ['', 5, 1492264918]];4973307.0;;241.0
Органика АО;55.6531819;37.72526769999999;ChIJoUk_NHW0SkERMgy3DMTrbDM;Органика;;http://www.organica-nk.ru/;[];4591358.0;414648.0;43.0
ЛЕККО ФармФирма ЗАО;55.6708361;37.555969399999995;ChIJ0_am5dxMtUYRrUww7GlBYZY;Здоров.ру;4.2;http://zdorov.ru/;"[['Отличная аптека.Была....,когда начинали. Погоня за оборотом превратила со временем достоинства в г....но. Заказал витамины 11 декабря около 16-40/50.Номер заказа был получен, но sms не пришло.Ехал с работы. Через 40 минут зашел в аптеку. Заказ не был готов. При общении с провизором узнал,что под ""моим"" номером числятся какие-то другие медикаменты.Ушёл. Сел в автобус,поехал домой. Звонок в автобусе.""Бла-бла-бла"" из аптеки. Спасибо .Если не умеете работать с интернет-заказами, то НЕ СУЙТЕСЬ В ИНТЕРНЕТ-ТОРГОВЛЮ. Продавайте свои медикаменты неторопящимся  бабушкам. А я уж как-нибудь в вер ру или столичках куплю с доставкой по вашей цене самовывоза. Наживайтесь,на здоровье.', 1, 1513872727], ['Сегодня зашли с сыном ща супростином началась аллергия. Мой молодой человек подошол первым. Я стояла за ним. Медленно обслужив и расчитав его. Мне сказала идите за талоном при этом до этого с других этого не спрашивалось. Когда я через 3 секунды вернулась с талоном хамским тоном заявила а теперь жлите очередь зашло 3 человека. Научите пожалуйста персонал вежливо обьяснять правила и применять их ко всем а не выборочно по желанию мама с ребенком мимо, симпатичный молодой человек пожалуйста. Больше к вам не приду хотя рядом с домом и часто покупаю лекарства на очень большие суммы по 10 тыс в мес.', 1, 1497285444], ['Дёшево, быстрое обслуживание через электронную очередь, есть в наличии препараты, которые в других аптеках только под заказ или вовсе отсутствуют', 5, 1505920652], ['Отличная аптека, цены одни из самых низких по Москве.  Теперь ходим только сюда , при первом посещении совет оформите их дисконтную карту', 5, 1473761192], ['Отличная аптека! Цены радуют ! ', 5, 1493662709]]";109421.0;5420.0;79.0
АстраЗенека АБ;55.7013235;37.57731669999999;ChIJ4w5Mw8bU3UMRTRqwLhVueGA;Astra Zeneca;;http://www.astrazeneca.ru/;[];2490264.0;219718.0;171.0
ГлаксоСмитКляйн Трейдинг ЗАО/пр.СмитКляйн Бичем ПиЭлСи;55.770605;37.421299;ChIJcWTIzMtItUYRsMzR_m-qC_s;Glaxosmithkline;;http://www.glaxosmithkline.ru/;[];;;
Атолл ООО/пр.Озон ООО;55.665808999999996;37.741544;ChIJNXiLcGu0SkER4YBRZ1CF8iM;"ООО ""Профессиональные Инновационные Системы""";;http://www.profinsys.ru/;[];11702941.0;959102.0;13.0
Протек-СВМ ООО/пр.ФармКонцепт ООО/Редкинский опытный завод ОАО;;;;;;;;;;
Березовский фармзавод ЗАО;55.72749399999999;37.44964909999999;ChIJI4yfn75OtUYRGG4VQOaQWXs;"Фармацевтический завод ""Эгис""";;http://www.egis.ru/;[];1986720.0;177357.0;88.0
Эльфа НПЦ АО/пр.Эльфа Лабораториз/уп.Биохимик ПАО;;;;;;;;;;
Валента Фарм ПАО;55.9123872;38.009004499999996;ChIJY83Q7CrTSkER4MHnT6ofxlc;Валента Фарм завод;5.0;http://www.valentapharm.com/;[['', 5, 1482173127]];920375.0;73493.0;124.0
Шеринг-Плау Лабо Н.В./пр.Шеринг-Плау (Бринни) Компани;;;;;;;;;;
Аспен Фарма Трейдинг Лимитед/пр.Сенекси;;;;;;;;;;
Байер Шеринг Фарма АГ;55.7903556;37.6599679;ChIJx76NZM1LtUYRQN7LcStjgSg;Bayer AG;4.9;https://www.bayer.ru/;[['Офис отличный', 5, 1509259396], ['Изобретатели аспирина и всех его форм', 4, 1490791696], ['Просто офис  Bayer', 5, 1498567492], ['An awesome that serves people.', 5, 1495365414], ['', 5, 1509212205]];393077.0;35731.0;319.0
Айвэкс Фармасьютикалс с.р.о.;55.7294407;37.62600669999999;ChIJkbo1cRJLtUYRMGRLo57JCGQ;Тева;;http://utrinos.ru/;[];3832997.0;263953.0;9.0
Тева Фармацевтические Предприятия Лтд/пр.Тева Чешские Предприятия с.р.о.;55.7294407;37.62600669999999;ChIJkbo1cRJLtUYRMGRLo57JCGQ;Тева;;http://utrinos.ru/;[];3832997.0;263953.0;9.0
Ипсен Фарма/пр.Ипсен Биофарм Лтд;;;;;;;;;;
Санофи-Синтелабо Лтд;55.659119;37.7514321;ChIJu4O6bBG0SkERH2Glcrufkzo;Натур Рецепт;5.0;https://www.naturrecept.ru/;[['', 5, 1476204574], ['', 5, 1461946322]];13092036.0;790729.0;113.0
Санофи Россия АО/пр.Болдер Арцнаймиттель ГмбХ и Ко.КГ/Берингер Ингельхайм Фарма ГмбХ и Ко.КГ;;;;;;;;;;
Меркле ГмбХ;;;;;;;;;;
СиЭнВиТи Фарма Лимитед/пр.Актавис Групп АО;55.7362664;37.62236899999999;ChIJf5WJuQNLtUYR53XHU6jH9zM;АКТАВИС;;;[];;;
ЮжФарм ООО;55.7220194;37.765144799999995;ChIJF_t29XG1SkERai_VeOLwu0k;"ООО ""Формат качества""";;http://www.fqcertif.ru/;[];;;
Натива ООО;55.766281000000006;37.593895;ChIJs8k2pDlKtUYRTBV4Ej5i3Os;"ООО ""Натива""";5.0;http://www.nativa.pro/;[['Хорошая компания. Приятно иметь с ними дело.', 5, 1457121289]];2827771.0;261574.0;47.0
Рузфарма ООО;55.652392000000006;37.723875;ChIJN5oxUnW0SkERWYpJ7qGYp-w;Джодас Экспоим;;http://www.jodas.ru/;[];4058712.0;264539.0;7.0
Лаборатории Роза-Фитофарм;;;;;;;;;;
Элда Интернэшнл  ДМСС/пр.Кларис Инжектэблс Лимитед;;;;;;;;;;
Муромский приборостроительный завод;55.73356769999999;37.57783939999999;ChIJh6YXHqNLtUYROmVF8hYReLE;Второй Московский Приборостроительный Завод;;http://www.2mpz.ru/;[];;;
Дансон Трейдинг Фарма Ко Лтд/Данафа Фарма Джойнт Сток Ко;;;;;;;;;;
Троицкий йодный завод;;;;;;;;;;
Сандоз д.д./пр.Салютас Фарма ГмбХ;;;;;;;;;;
Бакстер;55.823191;37.49671610000001;ChIJT7_H2zxItUYRdRNdSWE6NK4;БАКСТЕР;;http://www.baxter.com.ru/;[];4459590.0;;37.0
Польфарма АО;55.732702;37.644233;ChIJOa8iK-BKtUYRXldxM_f7m40;Polpharma Rus;;http://polpharma.ru/;[];19277323.0;;20.0
Медана Фарма Терполь АО;;;;;;;;;;
Новартис Фарма АГ/пр.Новартис Фарма Штейн АГ;55.8049297;37.5207385;ChIJmftiOMpJtUYRiah5H_Lr6cg;Novartis;4.2;http://novartis.ru/;[['Для того, чтобы войти в здание сначала нужно обойти вокруг него наполовину, что довольно неудобно. \nВнутри обычный офис со всем из этого вытекающими. 9 по 11 этаж предназначены под переговорные. Причём с этих этажей есть выход на крышу, с которой открывается вид на Москву и на триумф палас. Летом на этом балконе проводится много спортивных и других мероприятий, но зимой, по очевидным причинам туда лучше не ходить.\nВнутренняя столовая для сотрудников, конечно, стоит просто космических денег.', 5, 1513626706], ['Удобный офис для работы и корпоративов. На первом этаже столовая. Выше - офисы.', 5, 1514475157], ['Все отлично', 5, 1513317843], ['', 1, 1515739160], ['', 5, 1515321289]];2616120.0;210676.0;167.0
Астеллас Фарма Юроп Б.В./уп.Ортат АО;;;;;;;;;;
Эс Джи Биотех АО/пр.Бакстер АГ;55.914914100000004;37.8207083;ChIJQYUyxRoytUYRqAFjjZsf-5E;Аптека 385;4.5;http://www.apteka385.ru/;[['Хорошая аптека, очень внимательные фармацевты. Дают очень хорошую консультацию даже по телефону.', 5, 1514549924], ['Отличные цены, квалифицированные фармацевты.', 5, 1487532460], ['Разумные цены', 4, 1479725474], ['', 4, 1512810168]];;;
Ф.Хоффманн-Ля Рош Лтд/пр.Рош С.п.А.;55.791424000000006;37.635168;ChIJhQmCTPQ1tUYRf2pGkigleRQ;Ваше Здоровье;;http://vzdr.ru/;[];4593031.0;290143.0;22.0
Ранбакси Лабораториз Лтд;55.82635000000001;37.628195299999994;ChIJY5alyXk2tUYRlxyBZb2_pAM;Ранбакси;;http://www.sunpharma.com/russia;[];191185.0;16379.0;622.0
Ист-Фарм ЗАО;55.80250699999999;37.74364200000001;ChIJqVjuv-I0tUYR24VQf6E9RMM;ИСТ-ФАРМ;;;[];;;
Производство Медикаментов ООО (ПроМед ООО);;;;;;;;;;
Фармасофт НПК ООО/Армавирская биологическая фабрика ФКП;;;;;;;;;;
Новартис Фарма АГ/пр.Новартис Фарма С.п.А.;55.8049297;37.5207385;ChIJmftiOMpJtUYRiah5H_Lr6cg;Novartis;4.2;http://novartis.ru/;[['Для того, чтобы войти в здание сначала нужно обойти вокруг него наполовину, что довольно неудобно. \nВнутри обычный офис со всем из этого вытекающими. 9 по 11 этаж предназначены под переговорные. Причём с этих этажей есть выход на крышу, с которой открывается вид на Москву и на триумф палас. Летом на этом балконе проводится много спортивных и других мероприятий, но зимой, по очевидным причинам туда лучше не ходить.\nВнутренняя столовая для сотрудников, конечно, стоит просто космических денег.', 5, 1513626706], ['Удобный офис для работы и корпоративов. На первом этаже столовая. Выше - офисы.', 5, 1514475157], ['Все отлично', 5, 1513317843], ['', 1, 1515739160], ['', 5, 1515321289]];2616120.0;210676.0;167.0
Медокеми Лтд;55.748897;37.68291509999999;ChIJ26B5Wb5KtUYRGp76xU7Fhl8;Сентисс Фарма Пвт.Лтд.;;http://sentiss.ru/;[];6203664.0;701213.0;19.0
Тюменский ХФЗ;;;;;;;;;;
Сан Фармасьютикал Индастриз Лтд;55.6616108;37.5461009;ChIJn_8YrSBNtUYRxyUlP-UJ5Yw;Сан Фармасьютикал Индастриз Лимитед;;http://www.sunpharma.com/russia;[];191185.0;16379.0;622.0
Роттафарм С.п.А.;55.63680609999999;37.5100389;ChIJQf5hJFtNtUYRRRt5ETR73jo;ROTTA PHARMA, фармацевтическая компания;;http://www.dona.rotta.ru/;[];;;
Польфарма Фармацевтический завод С.А.;55.732702;37.644233;ChIJOa8iK-BKtUYRXldxM_f7m40;Polpharma Rus;;http://polpharma.ru/;[];19277323.0;;20.0
Тиарекс ООО/пр.Мосфарм ООО;55.689735;37.6031081;ChIJvUgQEaZMtUYRov3jpImZGaM;TRX SPORT;;http://trxsport.ru/;[];3030598.0;223277.0;8.0
Эли Лилли Восток С.А./пр.Лилли Франс;;;;;;;;;;
Деко Компания ООО;55.8605289;37.6548278;ChIJI3pnC8A2tUYRELgrYngPJCg;КОМПАНИЯ ДЕКО;5.0;http://www.dekopharm.ru/;[['', 5, 1329807197]];6514051.0;516224.0;142.0
Виал ООО/пр.Северная Китайская Фарм Ко Лтд;;;;;;;;;;
Ф.Хоффманн-Ля Рош Лтд/уп.Рош С.п.А.;;;;;;;;;;
Борисовский ЗМП ОАО;;;;;;;;;;
Веттер Фарма-Фертигунг ГмбХ и Ко.КГ/уп.Рош Диагностикс ГмбХ;;;;;;;;;;
Камада Лтд/уп.Протера ООО;;;;;;;;;;
Симпекс Фарма Пвт.Лтд;;;;;;;;;;
Берингер Ингельхайм Интернешнл ГмбХ/пр.Берингер Ингельхайм Эллас А.Е.;;;;;;;;;;
Ратиофарм ГмбХ/пр.Меркле ГмбХ;;;;;;;;;;
ГлаксоСмитКляйн Фармасьютикалз С.А.;55.746504200000004;37.536304799999996;ChIJ3aIdmd1LtUYRF1J66aN6108;ГЛАКСОСМИТКЛЯЙН ХЕЛСКЕР;;http://ru.gsk.com/;[];31917.0;5554.0;5444.0
Лекарь ООО;55.832322;37.53170000000001;ChIJ9aEgpdA3tUYRNaM14QsR7MY;Аптека ООО Лекарь;5.0;;[['', 5, 1520917863], ['', 5, 1515006369]];;;
Медикор ЦСМ ЗАО/Сэлвим ООО;55.76632559999999;37.532489500000004;ChIJTeJ8fHlJtUYR-UM8L-_p3Ns;Сэлвим;5.0;http://www.salvim.ru/;[['', 5, 1432094634]];;;
Берингер Ингельхайм Интернешнл ГмбХ;55.822188;37.4995391;ChIJXzhChTxItUYRrZLAAkdQf_c;Берингер Ингельхайм;5.0;https://www.boehringer-ingelheim.ru/;[['Отличная работа', 5, 1481463981], ['', 5, 1502185334]];3926610.0;325086.0;80.0
Орхид Хелскэр (подразделение Орхид Кемикалс энд Фармасьютикалс Лтд.);;;;;;;;;;
Замбон С.П.А.;55.74374399999999;37.5866491;ChIJteSYs7FLtUYRN4RzNBJ2P1s;Zambon;4.0;http://www.zambon.ru/;[['', 5, 1516360081], ['', 4, 1454503748], ['', 3, 1372204381]];4626173.0;179994.0;75.0
Кревель Мойзельбах ГмбХ;55.77538509999999;37.5858111;ChIJceyUBiNKtUYRyJmP0fAAc-k;Кревель Мойзельбах ГмбХ;;http://www.krewel-meuselbach.ru/;[];6578562.0;631143.0;19.0
Лаборатории Сервье/пр.Сервье (Ирландия) Индастриз Лтд.;;;;;;;;;;
Мосфарм ООО;55.704604;37.64617000000001;ChIJoVFx8zRLtUYReBR6uAX6YdM;Мосфарм;;;[];;;
Тютор С.а.С.И.Ф.И.А./пр.МР Фарма С.А/уп.Протера ООО;;;;;;;;;;
Байер Биттерфельд ГмбХ;55.79023299999999;37.5852151;ChIJ_5nO4RRLtUYRgKPSs_37TYk;Интернет-аптека Piluli.ru;2.9;http://www.piluli.ru/;"[['Курьеры просто жесть. Лучше сменить обслуживающую организацию. \nПри просьбе оставить комментарий, слова все сделали, но по факту - ничего. \nВместо решения проблемы - рассказ как у них все сложно. \nПонимаю сложную экономическую обстановку в стране, но рекомендую пересмотреть качество предоставляемого сервиса. \nВ результате решения проблемы - отмена заказа.', 1, 1517227850], ['очень не хотела писать этот отзыв. и до последнего пыталась связаться с отделом по работе с клиентами... но увы... до этого была постоянным клиентом, косяков не было никогда, а если и были, то всегда можно войти в положение. Но эти ребята решили, что я идиотка с плохой памятью. Был сделан заказ. в письме была дата доставки. В назначенное время доставки (а точнее через час после) звонок.... и оп оп.... оказывается у меня заказ на следующий день. И мне упорно утверждают, что это я оказывается ошиблась. после чего заказ вообще отменили, хотя такой просьбы от меня не поступало. Короче дойду до обычной аптеки, а вы ребята и дальше продолжайте терять клиентов...', 1, 1520316774], ['третья попытка заказать лекарства в этой аптеке.\nопять одного нет в наличии,когда будут не знают.\nа еще аптека, которая есть НА САМОМ САЙТЕ,и в которой можно бесплатно забрать, оказывается не работает с ними,очень странно.\nпожалуй, это моя последняя попытка заказать у них лекарства.', 1, 1495957444], ['Не надейтесь, что вам доставят лекарство в срок. Мой срочный заказ не дождалась вчера, и сегодня весь день жду. Курьеры просто обманывают.', 1, 1493227260], ['Являюсь постоянным клиентом интернет-аптеки Пилюли.ру\nВсегда всё было нормально, но последний заказ изрядно подпортил впечатление. Целый день просидел в ожидании доставки, все планы на праздничный день 7 января - насмарку...\nСлоган "" принимайте лекарства вовремя"" сейчас звучит издёвкой!\nСсылка на множество заказов и праздничные дни оправданием не является, ведь речь идёт о лекарствах, а не фейерверках или колбасе.', 2, 1483806772]]";8915.0;400.0;830.0
Лаборатории Галдерма;55.70989400000001;37.656321999999996;ChIJGTxC5wxLtUYRe5GfEKUONRk;Медсервис Диагностика;;http://www.medd.ru/;[];16773609.0;;9.0
Фармстандарт-Уфимский витаминный завод ОАО;55.921148800000005;37.5273201;ChIJgTkLbY85tUYRjy6a50nTqAQ;ФАРМСТАНДАРТ;2.4;https://pharmstd.ru/;"[['Эти ребята класс! По роду работы приходится сталкиваться с ними,они даже на складе работать не хотят!!! Работают одни пенсионеры,и люди пред пенсионного возраста!!!сами не работают и другим не дают!!!', 1, 1508333046], ['Кларисенс. Почему в упаковке из 30 таблеток по 10 мг (цена 115 р 50 коп), содержаться только 28 таблеток? Тут в принципе дело, не в деньгах. Покупатель должен знать, что не получит ""кота в мешке"".    \nНа сайте обратная связь не работает. В поле где должны стоять предлагаемые цифры -стоят слова (Например вместо 33, стоит Tri Tri), пробовала вводить и цифрами и буквами- сообщение не уходит.\nПрошу ответить.', 2, 1407821403], ['Уважаемые друзья! Купил Ваш спрей, а применить не могу - он почти совсем не брызгается. Видимо, в упаковке (баллоне) есть брак. По обратной связи не смог Вам написать - сообщает, что неверно написаны цифры. Перепробовал все варианты - писал цифрами, буквами (кириллицей и латынью) - ничего не прошло. Вероятно, Вы сделали эти трудности не случайно.', 2, 1365786770], ['я вегетарианка, купила компливит, прочла в инструкции в списке вспомогательных веществ -желатин, и пришлось сразу же выбросить в мусор и вынести. Как жаль потраченных денег, пусть и небольших. ', 1, 1409158362], ['Дно', 1, 1503638268]]";705109.0;46207.0;209.0
БиоФармКомбинат ООО;55.67638700000001;37.570796;ChIJyS2nIclMtUYR6uiXMFxWuKY;"ООО ""Коммерсантъ Картотека""";;http://www.kartoteka.ru/;[];125588.0;6784.0;605.0
Флора Кавказа ОАО;;;;;;;;;;
Мапичем АГ/пр.Шаньдун Шэнлу Фармасьютикал Ко., Лтд,;;;;;;;;;;
КРКА, д.д., Ново место;55.8405754;37.493771;ChIJ3UaGaNRLtUYRLBn2gksA1Ac;КРКА;3.0;http://fypryst.ru/;[['Подарили бракованные весы фирмы Редмонд на новый год за хорошую работу в качестве презентацию я отнесла их в фирменный сервисный центр где установили производственный брак однако на основании акта мне не не хотят их обменять на новый товар .помогите', 1, 1485355205], ['', 5, 1498335415]];;;
Фирн М ЗАО;55.785867;37.61419;ChIJdQJbAQdKtUYRC47YwAAmDUM;"ЗАО ""Фирн М""";5.0;;[['Производят отличное средство от простуды и гриппа Гриппферон', 5, 1498977329]];;;
Юник Фармасьютикал Лабораториз;55.76067629999999;37.5852266;ChIJSRbiKDRKtUYRRtY1V-KXgmg;Юник Фармасьютикал Лабораториз;;http://www.jbcpl.ru/;[];11021216.0;;11.0
Генериум АО;55.75223879999999;37.5325035;ChIJZ9LB395LtUYRM-zk3WKovNY;Генериум;5.0;http://generiumzao.ru/;[['', 5, 1501312066]];;;
Аспен Фарма Трейдинг Лимитед/пр.Аспен Нотр Дам де Бондевиль;;;;;;;;;;
Реплек Фарм ООО Скопье/уп.Березовский фармзавод ЗАО;;;;;;;;;;
Екатеринбургская ФФ;;;;;;;;;;
Биомед ОАО им.И.И.Мечникова (г.Красногорск);55.75273170000001;37.165102600000004;ChIJq6qqasxEtUYRKMobQ8i0TjU;"ОАО ""Биомед"" им. И.И. Мечникова";4.5;http://www.biomedm.ru/;[['', 5, 1511024939], ['', 5, 1488107294], ['', 5, 1485685843], ['', 3, 1380545846]];5419231.0;511338.0;30.0
МС-ВИТА ООО/пр.Синтез ОАО;55.69221700000001;37.5551261;ChIJ4W2d5Y1MtUYRQTmLIFqrPhw;РГУ нефти и газа (НИУ) имени И.М. Губкина;4.8;http://gubkin.ru/;[['Не поступайте на геоэколога. И нет, это не тот ВУЗ откуда вас с руками оторвут в невтянку, если с головой и руками , хорошо, но все равно прийдется вертеться. На первом же курсе сразу берите все в свои руки, универ не то что не идет на встречу в оформлении документов, он скорее идет от вас в другом направлении. Как и в любом университете есть хорошие и плохие преподаватели. ПОСТУПАЙТЕ ТОЛЬКО ЕСЛИ ВАМ ИНТЕРЕСНО ВАШЕ НАПРАВЛЕНИЕ, О ВЫГОДЕ ЗАБУДЬТЕ, никто вас с боку припеку не трудоустроит. И в нефтянке не большие зарплаты, после университета начнёте с 45-50 как и все, если станете уже начальниками отделов, то только тогда поднимется зарплата  выше 120, но такие должности везде заняты.', 3, 1508930046], ['Хороший университет, преподаватели хорошие тоже.', 5, 1506700528], ['Самое престижное учебное заведение думаю поступить сюда', 5, 1502187641], ['Замечательный университет с уклоном в нефтегазовую отрасль. Хороший дворик с прототипом нефтедобывающей вышки. Отличный преподавательский состав.', 5, 1466324479], ['Отличный вуз для подготовки нефтегазовых специалистов!', 5, 1505835286]];88374.0;5419.0;2402.0
Сахамедпром ГУП Республики Саха (Якутия);;;;;;;;;;
Ваке спол.с.р.о;;;;;;;;;;
ЭКОлаб ЗАО;55.7037598;37.568313;ChIJm3B8sINMtUYRTPc2C-3HsQo;Эколаб-центр;5.0;http://www.ekolab.ru/;[['', 5, 1488474460]];5007953.0;299619.0;67.0
Хиноин ЗАО;55.7225439;37.515524600000006;ChIJb5YieAlMtUYRC59u2Jeuyhg;Эвалар;3.0;https://www.evalar.ru/;[['В магазине хороший ассортимент продукции. Практически без торговых наценок, по цене производителя. Минус: написано, что есть скидки пенсионерам, но, как оказалось, только по карте москвича.?', 4, 1485156415], ['Крайне нелюбезная и хамоватая секретарь на первом этаже ресепшн офиса на улице Довженко.', 2, 1506663175]];71435.0;4020.0;232.0
Эбботт Хелскеа Продактс Б.В./пр.Эбботт Биолоджикалз Б.В./уп.Верофарм АО;;;;;;;;;;
АРС ООО/пр.Ви-Эм-Джи Фармасьютикалз Пвт. Лтд./уп.Ф-Синтез ЗАО;;;;;;;;;;
Росбио ООО;55.422267000000005;37.553157;ChIJe73X6xWoSkERsmC6psMeDhM;Зелдис-Фарма;5.0;http://www.zeldis.ru/;[['', 5, 1521028779]];8268951.0;699603.0;30.0
Лек д.д./уп.Сотекс Фармфирма ЗАО;55.785706000000005;37.583985999999996;ChIJk7FXGh5KtUYRUtOdUwazFNE;DSM Group;5.0;http://www.dsm.ru/;[['', 5, 1509901177], ['', 5, 1494950948]];1565275.0;131154.0;153.0
Виал ООО/пр.Янчжоу №3 Фармасьютикал Ко.Лтд;;;;;;;;;;
Новосибхимфарм ОАО;55.661725100000005;37.5092279;ChIJaf1kOxBNtUYRQuW1cp98ydw;Р-Фарм;;http://www.r-pharm.com/ru/;[];2187220.0;161580.0;227.0
Кадила Фармасьютикалз Лимитед;55.770618000000006;37.653619;ChIJRyy2-nxKtUYRr2meqfHJvpw;Видаль Рус;;http://www.vidal.ru/;[];117529.0;10337.0;781.0
Микроген НПО ФГУП (Омское предприятие БП);55.73088389999999;37.64435170000001;ChIJ082evx9LtUYRfteuOWQcgD8;"ФГУП ""НПО ""микроген"" МЗ РФ";;http://www.microgen.ru;[];962655.0;100778.0;155.0
Спенсер Фарма Юкей Лимитед/пр.Акорн Индия Пвт. Лтд.;;;;;;;;;;
Канонфарма Продакшн ЗАО;55.9302625;38.0432279;ChIJC9qlt9MstUYRmvj5LMf-JFY;Канонфарма продакшн;1.0;http://www.canonpharma.ru/;[['Тут производство автобусы не ходят', 1, 1520681933]];2074264.0;152174.0;70.0
Верваг Фарма ГмбХ и Ко.КГ/пр.Солюфарм ГмбХ и Ко.КГ;55.76172099999999;37.678987899999996;ChIJtfmJlfeySkERM8quumUoRUA;Верваг Фарма ГмбХ И Ко. Кг;5.0;http://www.woerwagpharma.ru/;[['', 5, 1436652761]];8973971.0;685826.0;42.0
Бофур Ипсен Фарма/пр.Бофур Ипсен Индастри;55.740128000000006;37.663577399999994;ChIJ5XVxn8JKtUYRczn69jOkjv4;Ипсен Фарма;;https://www.ipsen.ru/%D0%BA%D0%BE%D0%BD%D1%82%D0%B0%D0%BA%D1%82%D1%8B/;[];5243549.0;440270.0;67.0
Виал ООО/пр.Шаньдун Шэнлу Фармасьютикал Ко. Лтд.;;;;;;;;;;
НИИ им.Чумакова РАМН;55.60247170000001;37.335875099999996;ChIJIzMveudTtUYRVc59aRu00Rk;Научный центр исследований и разработки иммунобиологических препаратов имени М.П. Чумакова;4.5;http://www.chumakovs.ru/;[['Крутой', 5, 1518856570], ['Тут самая интересная работа в моей жизни.', 5, 1507785380], ['Не удобно добираться своим пешком из Града Московского', 5, 1514071020], ['Беда с туалетом,их там нет((((', 3, 1512736033], ['Я здесь живу, и нам здесь хорошо.', 5, 1502683647]];9142173.0;;23.0
Варшавский ФЗ АО Польфа;;;;;;;;;;
Марбиофарм ОАО;;;;;;;;;;
К.О. Биотехнос С.А./К.О. Ромфарм Компани С.Р.Л.;;;;;;;;;;
Ярославская ФФ;55.817562;37.647465000000004;ChIJqzKIXdk1tUYRQgmBLie7kjc;Гостиница «Ярославская»;4.0;http://yaroslavskaya.com/;[['Плюсы: \nОчень приветливый персонал. Мы приехали раньше официального времени заселения, номер был еще не готов, но нам предложили поставить сумки в камеру хранения, причем это сделал охранник, сами мы с сумками не таскались! На первом этаже идет ремонт, грязно, пахнет стройкой, но это ведь ради будущих улучшений! Номер дали на третьем этаже! Скромный! Чистейшие простыни, аж скрипят,  удобная подушка! Из-за нашего раннего выезда из гостиницы заменили завтрак ланч-боксом! \nМинусы:\nОбшарпанные обои, мусор под кроватью, вид на останкинскую башню и, что просто убило, - на кладбище! В ванне отсутствует затыкашка, спасла русская смекалка - закрыла слив стаканом! Представляю, как с этой проблемой справляются иностранцы!))))))', 3, 1519708863], ['Гостиница очень понравилась. Впечатлил, со вкусом подобранный, интерьер. Всё чисто, все пренадлежности в ванной на месте. Вовремя делалась уборка в номерах.\nЧто касается завтраков, само кафе маленькое и места всем желающим, спустившись позавтракать, не хватало. Предложенное меню, вполне вписывается в рамки предлагаемых завтраков (без изысков) стандартных гостиниц.\nВ прикреплённом фото - вид из окна.', 4, 1521268924], ['Отдыхали с мужем в этой ностинице 6 дней. Заплатили за номер стандарт 27600. Нам есть с чем сравнить и знаем как должен выглядеть отель трех звезд. \nЗаходишь в гостиницу и попадаешь в прошлое. В обычный совок. Здание старое, но можно же было позаботиться о том, чтобы создать какой-то современный вид отелю....Ну такой обычный совок. Гостиница имеет три звезды, но хочется задать вопрос о том куда смотрели те, кто эти звезды давал этой гостинице.\nЖили в номере уровня стандарт. В номере ужасно все. Кондиционера нет, телевизор старый не жк, показывает плохо, т.е. тв не кабельное. Холодильник жутко гудит и мешает спать. Обои отклеиваются, вонь в номере странная, ковровое покрытие все сплошь в старых пятнах. Плитка в ванной местами в плесени, на смесителе отваливался кусок ручки. Горничная молодец, ей плюс за чистоту и своевременную уборку. Хоть это порадовало. Кафе в гостинице маленькое, посадочных мест не хватает, а гостиница расчитанна на огромное количество людей. В кафе меню скудное, выбор маленький, но готовят вкусно, и обслуживпние хорошее, это еще один плюс. Ах, да...самый смак это вид из окна номера. А вид был на останкинскую башню, церковь и....кладбище. Дадада, кладбище. Я не думаю что нормальным людям за такие деньги, кайф смотреть на кладбище и жить в таком ужасном номере отеля, который получил свои три звезды ну явно зря.\xa0 Итого 2 балла этой гостинице.', 2, 1515328870], ['Так себе. В номере не оказалось чайника, лампочка в туалете перегорела. Не очень следят за этим. Инвентарь в номере под убитый. Ремонт шел в холле, шум дрели и пр. Как ни тянутся наши за мировым уровнем, так и не выходит', 3, 1519270241], ['Хорошая гостиница, чистые номера, хорошая ванная комната, красивый вид из окна на Останкинскую телебашню и храм, но тут же вид на кладбище)) Можно заказать еду в номер из кафе на 2 этаже. Разнообразные вкусные завтраки. В целом, достойная гостиница за эти деньги', 5, 1520871916]];6777834.0;425666.0;12.0
Эбеве Фарма Гес.м.б.Х. Нфг КГ/пр.Онкотек Фарма Продакшн ГмбХ;;;;;;;;;;
Партнер АО;55.65365210000001;37.5946381;ChIJITU6Ti-zSkEREcJQfX75OXU;ПАРТНЕР;;http://www.partner.com.ru/;[];11255045.0;;34.0
ГИКиМП/пр.Синтез ОАО и Медимэкс ЗАО;;;;;;;;;;
Гедеон Рихтер ОАО/пр.Гедеон Рихтер Польша;55.7283426;37.616930100000005;ChIJp7OiFxBLtUYRAlLOfZyUKcg;Московское представительство ОАО Гедеон Рихтер (Венгрия);;http://www.g-richter.ru/;[];1666466.0;145682.0;162.0
Сандоз д.д./пр.Салютас Фарма ГмбХ/уп.Лек С.А.;;;;;;;;;;
Ниармедик Плюс ООО/пр.Ниармедик Фарма ООО;55.801775;37.457882899999994;ChIJOdvPtl9ItUYR309GAI-8gNE;Ниармедик;3.5;http://www.nrmed.ru/;"[['Прием у Ивановой Ирины Викторовны в Ниармедике на Гамалеях прошел хорошо. Редко встретишь такого хорошего гинеколога, осматривает очень аккуратно. Если понадобятся услуги гинеколога, обращусь именно к ней.', 5, 1512408379], ['В алтуфьевском фелиале,(Москва) на клиентов кричат и затавляют принимать то что, мне например, не помогает.\nА именно это Ильязова Захида Халитовна.\nС жалобой буду обращаться так-же в выше стоящие инстанции, такие сотрудники не должны работать с пациентами!!!!', 1, 1511869323], ['Отвратительно общается контакт центр,  ничего не знают,  информацию предоставить нормально не могут, ощущение, что общаешься с регистратурой районной поликлиники,  сразу пропало всякое желание на посещение', 1, 1519116920], ['Быстрая запись и прием, тактичность,  деликатное отношение к пациентам. Если сами не могут проконсультировать - советуют, куда можно обратиться в городские клиники.', 4, 1506869197], ['Очень внимательные врачи. Работают только по прайсу, с которым можно ознакомиться заранее. Никаких ""лишних"" назначений, только необходимое.', 5, 1504446107]]";867057.0;51651.0;162.0
Санофи-Авентис Франс/Санофи-Авентис С.П.А.;55.7673488;37.60121229999999;ChIJAQDMt-NKtUYRM4Emp4K--ZI;Санофи-авентис;;http://www.sanofi.ru/;[];1660026.0;169075.0;247.0
Верофарм АО/Лэнс-Фарм ООО;55.783271;37.707726;ChIJl4iGdHI1tUYRPpuMLBy-t98;Верофарм;;https://veropharm.ru/;[];1417198.0;111167.0;118.0
Алкон-Куврер Н.В. С.А.;55.8049297;37.5207385;ChIJmftiOMpJtUYRUCJqGsDBtXg;Алкон Фармацевтика;;http://moiglaza.ru/;[];609208.0;52694.0;40.0
Домпе Фармачеутичи С.п.А;55.7180358;37.66790820000001;ChIJN2Q4iytLtUYRLm6Rf4FVeMk;Столица-Медикл;5.0;http://old.smed.ru/;[['', 5, 1456161262]];187451.0;17513.0;447.0
Хоффманн-Ля Рош Лтд/пр.Продуктос Рош С.А. де Ц.В./уп.Ортат ЗАО;55.766467799999994;37.6224394;ChIJBUG51GlKtUYRhKhC6GKPnJU;"ЗАО ""Рош-Москва""";;http://roche.ru/;[];920277.0;108829.0;254.0
Вектор-Медика ЗАО  (Новосибирск.обл);55.63951899999999;37.525040999999995;ChIJO2VluUhNtUYRJ3MX1U_JXsI;Вектор-Медика;;http://lipint.ru;[];16332107.0;1164341.0;15.0
Шрея Лайф Сайенсиз Пвт Лтд;55.749545;37.70312699999999;ChIJhZzA0A9LtUYRKNy2RR6u9uA;Шрея Лайф Саенсиз Пвт Лтд;;http://www.shreyalife.com/;[];7275158.0;;25.0
Авентис Фарма Дойчланд ГмбХ;;;;;;;;;;
А.Наттерманн энд Сие. ГмбХ;55.773166;37.527029999999996;ChIJ-zHoPnZJtUYR8D_m_FLE-Ec;РЛС;4.2;http://www.rlsnet.ru/;[['Проблема с парковкой.', 4, 1485465879], ['Супер!!!', 5, 1492372310], ['Поблизи с кантемироаской', 5, 1454693118], ['I & you', 5, 1457173209], ['', 5, 1502776635]];12672.0;834.0;1330.0
Ф.Хоффманн-Ля Рош Лтд/пр.Рош Диагностикс ГмбХ/уп.Ортат ЗАО;55.766467799999994;37.6224394;ChIJBUG51GlKtUYRhKhC6GKPnJU;"ЗАО ""Рош-Москва""";;http://roche.ru/;[];920277.0;108829.0;254.0
Рузам-М;55.778943999999996;37.4678201;ChIJxYs4f-JItUYRAHAkTmc6Rfs;Ruzam.ru/;;http://ruzam.ru/;[];13783381.0;682949.0;7.0
Новартис Фарма Штейн АГ;55.73457399999999;37.642539;ChIJveVS7eFKtUYRdVWjQEI-UOk;Novartis Pharma Services Inc;;http://novartis.ru/;[];2616120.0;210676.0;167.0
Мерк КГаА/уп.Нанолек ООО;;;;;;;;;;
НПО Петровакс Фарм ООО;55.76214399999999;37.5705989;ChIJw6CGOPCxSkERZdlGuKq0HOk;НПО Петровакс Фарм;3.4;http://petrovax.ru/;[['', 5, 1515434329], ['', 5, 1512395138], ['', 5, 1505310583], ['', 1, 1476119208], ['', 1, 1469717919]];3070198.0;235546.0;91.0
Ипка Лабораториз Лимитед;55.659758999999994;37.50846799999999;ChIJPzmvuxFNtUYRwUxtOrG8CWU;ИПКА Лабораториз Лимитед, представительсто в г. Москве;;;[];;;
Берингер Ингельхайм Интернешнл ГмбХ/пр.Берингер Ингельхайм Эспана С.А.;55.822188;37.4995391;ChIJXzhChTxItUYRrZLAAkdQf_c;Берингер Ингельхайм;5.0;https://www.boehringer-ingelheim.ru/;[['Отличная работа', 5, 1481463981], ['', 5, 1502185334]];3926610.0;325086.0;80.0
Янтарное ООО;55.78628399999999;37.71328;ChIJfRfLoHI1tUYRkH8M2gKwIRM;Янтарная лиса ООО;4.5;http://roskoshmexa.ru/;[['супер выбор огромный, но оптовые цены', 5, 1343757937], ['дизайнеры хорошо поработали )', 4, 1311237844]];9204259.0;;19.0
Зеленая Дубрава ЗАО;55.740300500000004;37.740862299999996;ChIJw0jGtFC1SkERVe0FauPd_Mo;Зеленая Дубрава;5.0;http://www.mazi.ru/;[['', 5, 1519572358]];4138007.0;254845.0;22.0
Италфармако С.п.А.;55.74363899999999;37.586583000000005;ChIJteSYs7FLtUYRPCw1Aiev_FE;Италфарма Ко.;;http://www.italfarmaco.ru/;[];15204928.0;;30.0
АстраЗенека ЮК Лтд/уп.ЗиО-Здоровье ЗАО/АстраЗенека Индастриз ООО;55.4107098;37.57964139999999;ChIJ4zYSmhOoSkERS3QWboOmrZg;Зио Здоровье;3.0;http://www.zio-zdorovie.ru/;[['Современное фармацевтическое предпритие.', 5, 1516470905], ['', 2, 1508212131], ['', 2, 1361328665]];3299070.0;403631.0;26.0
Б.Браун Мельзунген АГ;55.69696399999999;37.62131610000001;ChIJAyCa5VBLtUYRv8m3Jetvf-4;Б.браун Медикал;;http://www.bbraun.ru/;[];1217912.0;132897.0;126.0
Ципла Лтд;55.658984;37.637343900000005;ChIJdc7WB2uzSkERpAE4Y-RSKqI;ООО «ПРОТЕК-СВМ»;;http://protek-svm.ru/;[];9201744.0;;15.0
Сотекс ФармФирма ЗАО;55.65893999999999;37.637291;ChIJZbMm5GqzSkER0W-I7pk1bsA;Сотекс;4.0;http://www.sotex.ru/;[['Сотекс', 4, 1494844511]];1148697.0;76498.0;84.0
Брынцалов-А ПАО;55.684214000000004;37.627111600000006;ChIJ7fU_PlizSkERe58hTrE18iE;Брынцалов-а;;http://ferain.ru/;[];3521431.0;365665.0;47.0
Биохимик ПАО;55.77651660000001;37.6306509;ChIJQ0xuCHJKtUYR0JugUbCORF0;Промомед;;http://promo-med.ru/;[];9938904.0;;33.0
Кедрион С.п.А.;55.73975000000001;37.783057899999996;ChIJo5zZa5zKSkERl-aVlk3Q1Xs;Лайф Фактор;;http://www.lifefactor.ru/;[];;;
Кларис Оцука Прайвит Лимитед;55.773166;37.527029999999996;ChIJ-zHoPnZJtUYR8D_m_FLE-Ec;РЛС;4.2;http://www.rlsnet.ru/;[['Проблема с парковкой.', 4, 1485465879], ['Супер!!!', 5, 1492372310], ['Поблизи с кантемироаской', 5, 1454693118], ['I & you', 5, 1457173209], ['', 5, 1502776635]];12672.0;834.0;1330.0
Ферринг Арцнаймиттель ГмбХ;55.748179;37.5839001;ChIJcxfWBLRLtUYRUD7iIwIA3TM;Ferring Pharmaceuticals;;http://www.ferring.ru/;[];7878465.0;;81.0
Нордик Фарма с.р.о./пр.Киова Хакко Когио Ко.Лтд;;;;;;;;;;
Лек С+ ООО;55.78876289999999;37.7813829;ChIJAYNGsG5MtUYRKIQegK7V9Q4;Лек С+;;http://www.leksplus.ru/;[];;;
Виал ООО/пр.СиЭсПиСи Оуи Фарма;;;;;;;;;;
Фарм-Синтез АО/пр.Деко Компания  ООО;55.7063446;37.603519299999995;ChIJV-nmvmdLtUYR-o19kBcw-xk;Фарм-синтез;;http://pharm-sintez.ru/;[];6121667.0;491802.0;47.0
Тева Чешские Предприятия с.р.о.;;;;;;;;;;
Пфайзер МФГ. Бельгия Н.В./Веттер Фарма-Фертигунг ГмбХ;;;;;;;;;;
Байер Фарма АГ;55.7903556;37.6599679;ChIJx76NZM1LtUYRQN7LcStjgSg;Bayer AG;4.9;https://www.bayer.ru/;[['Офис отличный', 5, 1509259396], ['Изобретатели аспирина и всех его форм', 4, 1490791696], ['Просто офис  Bayer', 5, 1498567492], ['An awesome that serves people.', 5, 1495365414], ['', 5, 1509212205]];393077.0;35731.0;319.0
Красфарма ОАО;55.737663399999995;37.6577927;ChIJsQrpg-dKtUYR-HoJoprREHs;КРАСФАРМА;;http://kraspharma.ru/;[];4761412.0;809200.0;18.0
Лабомед-Фарма С.А./пр.Эйсика Фармасьютикалз ГмбХ;;;;;;;;;;
Байер АО/пр.Шеринг-Плау Лабо Н.В.;55.93411379999999;37.4943909;ChIJj0X_ZXs5tUYRABtaAvydcNQ;Аптека Фотон в Долгопрудном;4.9;https://www.medlux.ru/store/1264;[['Хочу выразить благодарность продавцу аптеки за хорошее, приятное, внимательное обслуживание. Перед тем как пойти в аптеку проверяю цены на сайте Медицина для Вас', 5, 1519725738], ['Поставила себе приложение Медицина для вас, потому что недавно оформила их скидочную карту. Узнала, что эта аптека с ними работает, сходила, проверила: скидку дают хорошую, и она увеличивается с каждой покупкой. В аптеке оказалось все, что мне нужно (можно проверить в приложении сначала). Довольна, буду покупать лекарства здесь.', 5, 1508243232], ['Мне тут коллега рассказала (по соседству живем), что в этой аптеке можно проверять наличие лекарства по сайту, чтобы лишний раз не бегать, да и не звонить – людей не отрывать от работы. Я не поверила сначала, потому что кто же будет актуальный ассортимент отслеживать? Оказалось, будут, еще как. Теперь всегда пользуюсь этой возможностью, чтобы сэкономить силы. Очень удобно, спасибо.', 5, 1501944665], ['Хотелось бы порекомендовать аптеку. Хороший персонал, аптека рядом с домом, большой выбор и цены нормальные!', 5, 1517046786], ['Всегда покупала антибиотики в аптеках без рецепта. Здесь вчера не продали. Говорят идите к врачу, правилами запрещено и тд. Лечусь этими таблетками всю жизнь, зачем мне для этого к врачу идти? В итоге пошла купила в другой аптеке.', 4, 1514031440]];153653.0;11134.0;401.0
Дельфарм Реймс;55.69505299999999;37.756982;ChIJbShggKy1SkERnOYCir1_4oE;Аптека 007;5.0;http://apteka007.ru/;[['', 5, 1487079468]];3360100.0;204956.0;29.0
Лаборатории Сервье/пр.Фармстандарт-Лексредства ОАО;;;;;;;;;;
Нижфарм АО;55.73557599999999;37.62320109999999;ChIJfdsnBwNLtUYR5lPQmuVHdpc;Stada CIS;;http://stada.ru/;[];169055.0;19751.0;234.0
Зентива а.с.;55.7676305;37.60085120000001;ChIJfXUVSz9KtUYRQNT2nzsvvmw;Зентива Фарма;;http://www.zentiva.ru/;[];;;
Сандоз д.д./пр.Фарма Штулльн ГмбХ/вып.Салютас Фарма ГмбХ;;;;;;;;;;
Фрезениус Каби Дойчланд ГмбХ/пр.Лабесфал Лабораториос Алмиро, С.А./уп.Биннофарм АО;;;;;;;;;;
ЭкоФармИнвест ООО/пр.Фермент Фирма ООО;55.7130613;37.688721;ChIJIxJ6_9a0SkER5Oehq-81Kg8;Экофарминвест;5.0;http://www.ephi.ru/;[['', 5, 1493049098]];;;
Эбботт Хелскеа Продактс Б.В./пр.Майлан Лэбораториз САС;;;;;;;;;;
Тева Фармацевтические Предприятия Лтд/пр.Айвэкс Фармасьютикалз Юкей;55.773166;37.527029999999996;ChIJ-zHoPnZJtUYR8D_m_FLE-Ec;РЛС;4.2;http://www.rlsnet.ru/;[['Проблема с парковкой.', 4, 1485465879], ['Супер!!!', 5, 1492372310], ['Поблизи с кантемироаской', 5, 1454693118], ['I & you', 5, 1457173209], ['', 5, 1502776635]];12672.0;834.0;1330.0
Микроген НПО ФГУП (Нижегородское ИмБио);55.737283999999995;37.5905536;ChIJ2YvnlqVLtUYRIgUdlwvkdnE;МИКРОГЕН, научно-производственная организация;;http://www.microgen.ru/;[];962655.0;100778.0;155.0
Еврофарм (ЮК) Ко.Лтд/пр.Генесайенс Фармасьютикалс Ко.Лтд;55.8081971;37.5829432;ChIJ24N2wh02tUYRVvMlyaYLblI;Еврофарм;3.7;http://evropharm.ru/;"[['Провизор не консультирует по форме выпуска препаратов. Нет ""Книги жалоб и предложений"". Элементарно не знает где находятся ближайшие медучереждения.', 1, 1505403249], ['', 5, 1504804937], ['', 5, 1486486242]]";499394.0;34294.0;211.0
Сотекс ФармФирма ЗАО/пр.Эллара ООО;55.848456799999994;37.45428769999999;ChIJm0SyLPhHtUYRQqEUH_oP958;ФармАС, ООО гомеопатическая аптека;5.0;http://www.аптекафармас.рф/;[['Пользуюсь услугами этой аптеки. Фармацевты всегда вежливые. Если препарат отсутствует закажут и всегда позвонят о его поступлении. Приятно ходить в эту аптеку.', 5, 1479734633]];;;
Сайнтек ЗАО;55.785706000000005;37.583985999999996;ChIJk7FXGh5KtUYRUtOdUwazFNE;DSM Group;5.0;http://www.dsm.ru/;[['', 5, 1509901177], ['', 5, 1494950948]];1565275.0;131154.0;153.0
Акрихин ХФК АО;55.796669200000004;38.1861776;ChIJu4nq5OHPSkERVN5v6SzNWAI;Акрихин;5.0;http://www.akrikhin.ru/;[['ЗАГОВОР или СГОВОР АПТЕК!  Врач прописал постоянно (пожизненно) принимать 3 раза в день лекарство Мерказолил. Это примерно, как диабетики без инсулина, который получают БЕСПЛАТНО жить не могут, так же и я, но только постоянно покупаю в аптеке Мерказолил, стоимостью от 25-50 рублей за 50-100 штук таблеток. Я проживаю в республике Марий Эл, город Йошкар-Ола к сожалению Мерказолил исчез из всех аптек разом. Обзвонила все аптеки города и все, как один отвечают что этого препарата у них уже давно нет, не завозят, не получают, и предлагают аналогичный импортный препарат Тирозол, но цена его ДОРОЖЕ в 7-10 раз, стоит он от 205-350 рублей за те же 50 штук таблеток. А в одной аптеке мне предложили поехать в УКРАИНУ за Мерказолилом, если я хочу покупать его по прежней цене, мотивируя тем что лекарство выпускается на Украине. А когда я ответила что у меня осталась коробочка от прежнего лекарства и там написано, что Мерказолил выпускается в России в Московской области, г. Старая Купавна, но не успела договорить.... на том конце провода бросили трубочку, раздались короткие гудки... Итак, кто мне ответит, куда обращаться, а может мне вместо импортного дорогостоящего лекарства местечко на кладбище для могилки прикупить в кредит, пенсия моя 5704,03 руб. всё равно, как доктор сказал, не будешь принимать лекарство - умрешь! ', 5, 1444569394], ['На производстве практически стерильно ?', 5, 1489393169], ['Акрихин', 5, 1488785001], ['', 5, 1462694765], ['', 5, 1457116395]];1126463.0;96609.0;116.0
Бакстер Хелскеа Корпорейшн/пр.Бакстер Хелскэа Пуэрто-Рико;;;;;;;;;;
Фармцентр ВИЛАР ЗАО;55.567031400000005;37.569966;ChIJfc2KK7qtSkERmQNGKtfCpNU;Фармцентр Вилар;5.0;http://www.vilar-plant.ru/;[['', 5, 1371336165]];11451330.0;838916.0;26.0
Шицячжуан Фарма Вейшинг Фармасеутикал;;;;;;;;;;
Рудаз ПКФ;55.773166;37.527029999999996;ChIJ-zHoPnZJtUYR8D_m_FLE-Ec;РЛС;4.2;http://www.rlsnet.ru/;[['Проблема с парковкой.', 4, 1485465879], ['Супер!!!', 5, 1492372310], ['Поблизи с кантемироаской', 5, 1454693118], ['I & you', 5, 1457173209], ['', 5, 1502776635]];12672.0;834.0;1330.0
ЕСКО Фарма ООО/пр.ЭкоФармПлюс ЗАО;55.7193634;37.626588299999995;ChIJ1xKKCBZLtUYRGwyX_KhLurQ;ESKO PHARMA;;http://eskopharma.ru/index.php/ru/;[];;;
Касторсервис ООО;55.70359499999999;37.7436408;ChIJvdmABgS1SkERLMz-Mtw3REU;Поставщик.ПРО;;http://postavshik.pro/;[];18465042.0;;9.0
АстраЗенека АБ/уп.АстраЗенека Индастриз ООО;55.776120999999996;37.553687;ChIJOSu734VJtUYRhdkOc2ECKrw;Астразенека;4.2;http://www.astrazeneca.ru/;"[['Отличный офис ""AstraZeneca"" - БЦ ""Nordstar Tower""', 5, 1497875672], ['Company AstraZeneca not yet participated at the Conference Pharmacosmos in Moscow 2016-2017 ?', 5, 1473421995], ['', 1, 1513609139], ['', 5, 1507020666], ['', 5, 1493729121]]";2490264.0;219718.0;171.0
К.О.Ромфарм Компани С.р.Л.;55.72644329999999;37.399387299999994;ChIJ30Hy2PtOtUYRwCnaSntJXBw;РОМФАРМА;;http://www.romfarma.ru/;[];;;
Джапан Био Продактс Индастри Ко.Лтд;;;;;;;;;;
Мерц Фарма ГмбХ/пр.Урсафарм Арцнаймиттель ГмбХ;;;;;;;;;;
Московский эндокринный завод ФГУП;55.726416799999996;37.717499600000004;ChIJBW-HVze1SkERmWo9580bjhU;Московский эндокринный завод;5.0;http://endopharm.ru/;[['???', 5, 1475556130], ['', 5, 1458725125], ['', 5, 1453373197], ['', 5, 1445270151], ['', 5, 1327060348]];4436069.0;385726.0;61.0
Фрезениус Каби Дойчланд ГмбХ/пр.Лабесфал Лабораториос Алмиро, С.А.;;;;;;;;;;
Барнаульский завод медпрепаратов ООО;55.91795699999999;37.3993459;ChIJmSbw8aY_tUYRMwI1ASuUhxY;Катрен;2.9;;"[['Мне нравится компания и люди с которыми я работаю. Все трудяжки. Много хороших спецов ушло, но вряд ли забудут Катрен! Я тоже с грустью и любовью вспоминаю их.', 5, 1506405365], ['Спросил у сторожа (охранник) где туалет.\nОн объяснил, хотя около него в подъезде есть туалет.\nНашёл по его объяснениям и сразу вернулся к этому говноеду-сторожу с ""благодарностью""\nУВАЖАЕМЫЕ ГОСПОДА РУКОВОДИТЕЛИ\nВЫ КОГДА ЭТИХ ДЕБИЛОВ СТОРОЖЕЙ БЕРЁТЕ НА РАБОТУ СПРАВТЕСЬ О ЕГО ПОЛНОЦЕННОСТИ!!!\nИли смените сторожей и туалетные кабинки!!!\n', 1, 1499248652], ['Отгрузки можно ждать сутки; даже если у вас 2 коробки - будете ждать очереди за фурами. График условен: на ворота поставят по графику, а когда отгрузят - хз. Связаться с приемкой теперь нельзя. Да и вообще хрен кому пожалуешься. Гвоздь программы - сортир для водителей: засратая до невозможности кабинка, куда тошно зайти.', 1, 1474468167], ['Ночью подъехал показал накладную зарегистрировался и запустили на стоянку  утром здал документы и остальное всё по эсемеске ворота дают выгрузят тоже смску отправят за документами тоже смску скинут только туалет на улице био отвратительный ', 4, 1467874608], ['', 1, 1500654793]]";;;
Хемофарм АД/пр.Хемомонт Д.О.О/уп.Медсинтез завод ООО (г.Екатеринбург);;;;;;;;;;
Зентива к.с. Чехия/пр.Санека Фармасьютикалс а.с.;;;;;;;;;;
Фармапол-Волга ООО/пр.Озон ООО;;;;;;;;;;
Такеда Фармасьютикалс ООО/пр.Такеда ГмбХ;55.730911;37.5766429;ChIJSefogZhLtUYRt0-leiY5nVo;"ООО ""Такеда Фармасьютикалс""";4.9;http://www.takeda.com.ru/;[['Компактный современный бизнес центр со всеми атрибутами', 4, 1513776159], ['Я тут работаю и всем советую) ', 5, 1480453030], ['', 5, 1514494818], ['', 5, 1510307570], ['', 5, 1492264918]];4973307.0;;241.0
Фармацевтический комбинат ЗАО;55.72749399999999;37.44964909999999;ChIJI4yfn75OtUYRGG4VQOaQWXs;"Фармацевтический завод ""Эгис""";;http://www.egis.ru/;[];1986720.0;177357.0;88.0
ЮСБ Фарма С.А.;55.750553599999996;37.5393727;ChIJYzPv99tLtUYRalBsxwU0Yuo;ЮСБ Фарма;;http://ucbrussia.ru/;[];12542622.0;569679.0;27.0
Виал ООО/пр.Цзевим Фармасьютикал (Шандунь) Ко.Лтд;;;;;;;;;;
Унимед Фарма с.р.о.;;;;;;;;;;
Тева Фармацевтические Предприятия Лтд/пр.Тева ООО;55.7294407;37.62600669999999;ChIJkbo1cRJLtUYRMGRLo57JCGQ;Тева;;http://utrinos.ru/;[];3832997.0;263953.0;9.0
Новартис Консьюмер Хелс С.А.;55.74668520000001;37.5373814;ChIJ-dskp91LtUYR3RHG_D4cHSE;Новартис Консьюмер;1.0;https://www.novartis.ru/;[['', 1, 1321486984]];2616120.0;210676.0;167.0
Авексима ОАО/пр.Ирбитский ХФЗ ОАО;55.783640000000005;37.5600171;ChIJJ6kwNYxJtUYRzA_kvmsKLi0;ОАО «Авексима»;;http://avexima.ru/;[];3687492.0;286544.0;29.0
Д-р Фальк Фарма ГмбХ/пр.Вифор АГ;55.78814200000001;37.5893299;ChIJAQAAAGdKtUYRLENRd5MZgUA;Др. Фальк Фарма ГмбХ;;http://www.drfalkpharma.ru/;[];6474658.0;435954.0;39.0
Фармак ОАО;55.712458;37.42538280000001;ChIJwfdBT4lOtUYRlvmtgXtPoYc;ФАРМАК, фармацевтическая компания;;http://farmak.ua/;[];677230.0;17642.0;159.0
Фармстандарт-Лексредства ОАО;55.921148800000005;37.5273201;ChIJgTkLbY85tUYRjy6a50nTqAQ;ФАРМСТАНДАРТ;2.4;https://pharmstd.ru/;"[['Эти ребята класс! По роду работы приходится сталкиваться с ними,они даже на складе работать не хотят!!! Работают одни пенсионеры,и люди пред пенсионного возраста!!!сами не работают и другим не дают!!!', 1, 1508333046], ['Кларисенс. Почему в упаковке из 30 таблеток по 10 мг (цена 115 р 50 коп), содержаться только 28 таблеток? Тут в принципе дело, не в деньгах. Покупатель должен знать, что не получит ""кота в мешке"".    \nНа сайте обратная связь не работает. В поле где должны стоять предлагаемые цифры -стоят слова (Например вместо 33, стоит Tri Tri), пробовала вводить и цифрами и буквами- сообщение не уходит.\nПрошу ответить.', 2, 1407821403], ['Уважаемые друзья! Купил Ваш спрей, а применить не могу - он почти совсем не брызгается. Видимо, в упаковке (баллоне) есть брак. По обратной связи не смог Вам написать - сообщает, что неверно написаны цифры. Перепробовал все варианты - писал цифрами, буквами (кириллицей и латынью) - ничего не прошло. Вероятно, Вы сделали эти трудности не случайно.', 2, 1365786770], ['я вегетарианка, купила компливит, прочла в инструкции в списке вспомогательных веществ -желатин, и пришлось сразу же выбросить в мусор и вынести. Как жаль потраченных денег, пусть и небольших. ', 1, 1409158362], ['Дно', 1, 1503638268]]";705109.0;46207.0;209.0
Берлин-Хеми/Менарини Фарма ГмбХ;55.71943620000001;37.611953899999996;ChIJv0hf4BJLtUYRBpKJcntekR0;Берлин-хеми;;http://www.berlin-chemie.ru/;[];955112.0;118413.0;156.0
Камелия НПП ООО (г.Москва);55.844574300000005;37.57652150000001;ChIJKzS_K002tUYRZxxL-iToPFE;КАМЕЛИЯ, научно производственная компания;;http://kamelia.ru/index/0-2;[];9509944.0;;20.0
Иннотера Шузи;;;;;;;;;;
КРКА, д.д., Ново место/пр.Софаримекс-Индустрия Кимика э Фармасуэтика Лда;;;;;;;;;;
Гедеон Рихтер ОАО;55.7283426;37.616930100000005;ChIJp7OiFxBLtUYRAlLOfZyUKcg;Московское представительство ОАО Гедеон Рихтер (Венгрия);;http://www.g-richter.ru/;[];1666466.0;145682.0;162.0
Бристол-Майерс Сквибб;55.76165349999999;37.65857219999999;ChIJvS5sNolKtUYR0TfMFpYvPcU;Бристол-Майерс Сквибб;5.0;http://b-ms.ru/;[['', 5, 1473797568], ['', 5, 1457254571]];;;
Мерк Сантэ c.а.c./уп.Нанолек ООО;;;;;;;;;;
Пфайзер Инк/пр.Пфайзер Айрлэнд Фармасьютикалз/уп.Петровакс Фарм НПО;55.76214399999999;37.5705989;ChIJw6CGOPCxSkERZdlGuKq0HOk;НПО Петровакс Фарм;3.4;http://petrovax.ru/;[['', 5, 1515434329], ['', 5, 1512395138], ['', 5, 1505310583], ['', 1, 1476119208], ['', 1, 1469717919]];3070198.0;235546.0;91.0
Эбеве Фарма Гес.м.б.Х. Нфг КГ;55.7885929;37.58869519999999;ChIJd22kARNKtUYR_15_VenR82g;Эбеве Фарма;;https://www.rlsnet.ru/firm_index_id_404.htm;[];12672.0;834.0;1330.0
Усолье-Сибирский ХФЗ ОАО;55.773166;37.527029999999996;ChIJ-zHoPnZJtUYR8D_m_FLE-Ec;РЛС;4.2;http://www.rlsnet.ru/;[['Проблема с парковкой.', 4, 1485465879], ['Супер!!!', 5, 1492372310], ['Поблизи с кантемироаской', 5, 1454693118], ['I & you', 5, 1457173209], ['', 5, 1502776635]];12672.0;834.0;1330.0
АЛСИ Фарма ЗАО;55.788112;37.618233000000004;ChIJF-Pu0AhKtUYRMRDoV0f0WPI;Алси фарма;3.0;http://www.alsi.ru/;[['Хорошо бы таблетки делать продолговатыми-тяжело глотать.', 3, 1410376834]];6912754.0;565469.0;24.0
