,name,lat,long,place_id,google_name,google_rating,site,reviews
0,Кемеровская ФФ,,,,,,,
1,Оболенское ФП АО,55.719404,37.611614,ChIJQ4S7OhE1tUYRsayopXzdjU4,"Оболенское, фармацевтическая компания",,http://obolensk.ru/,[]
2,Софарма АО,55.773166,37.52703,ChIJ-zHoPnZJtUYR8D_m_FLE-Ec,РЛС,4.2,http://www.rlsnet.ru/,"[['Проблема с парковкой.', 4, 1485465879], ['Супер!!!', 5, 1492372310], ['Поблизи с кантемироаской', 5, 1454693118], ['I & you', 5, 1457173209], ['', 5, 1502776635]]"
3,Мерц Фарма ГмбХ и Ко.КГаА,55.782007,37.582325,ChIJJS3Lnh9KtUYRbkYHY9LYO1M,Мерц Фарма,,http://www.merz.ru/,[]
4,Ла Кэр Фарма Лимитед,,,,,,,
5,Синтез ОАО,55.921172,37.525644,ChIJWzVIbI85tUYRlTbKa0ve3tE,Тонкий Органический Синтез,4.7,http://www.toshim.ru/,"[['Предприятие хоть и старое, но с профессиональным человеческим ресурсом. Жаль главный акционер,глух и нем к перспективному активу. Не нужны проблемы ни городу, ни мэру и тем более стране. Наилучшие пожелания трудовому коллективу. Один Махов сменился другим. :(( Держитесь. С уважением, Логинов', 5, 1406559826], ['', 5, 1516188935], ['', 4, 1462977163]]"
6,Бионорика АГ,55.6854855,37.4895685,ChIJTfcbH01MtUYRR_Ii6n44Lcs,Бионорика Аг,1.0,http://www.bionorica.ru/,"[['', 1, 1457343242]]"
7,ЭВЕР Нейро Фарма ГмбХ/пр.ЭВЕР Фарма Йена ГмбХ,55.7885929,37.58869519999999,ChIJd22kARNKtUYR_15_VenR82g,Эбеве Фарма,,https://www.rlsnet.ru/firm_index_id_404.htm,[]
8,Альфа Вассерманн С.п.А.,55.7679933,37.60208170000001,ChIJnYaPtiVLtUYRuK3rKkGK2U8,Альфасигма Рус,,https://www.alfasigma.com.ru/,[]
9,АстраЗенека ЮК Лтд/вт уп ЗиО-Здоровье ЗАО,55.4107098,37.57964139999999,ChIJ4zYSmhOoSkERS3QWboOmrZg,Зио Здоровье,3.0,http://www.zio-zdorovie.ru/,"[['Современное фармацевтическое предпритие.', 5, 1516470905], ['', 2, 1508212131], ['', 2, 1361328665]]"
10,Пабяницкий ФЗ Польфа АО,55.74762399999999,37.563588,ChIJh6UxpMhLtUYRI6kmpUlpPqM,Ciech Polfa,,https://www.polfa.eu/ru/,[]
11,АстраЗенека ЮК Лтд/уп.АстраЗенека Индастриз ООО,55.776121,37.553687,ChIJOSu734VJtUYRhdkOc2ECKrw,Астразенека,4.2,http://www.astrazeneca.ru/,"[['Отличный офис ""AstraZeneca"" - БЦ ""Nordstar Tower""', 5, 1497875672], ['Company AstraZeneca not yet participated at the Conference Pharmacosmos in Moscow 2016-2017 ?', 5, 1473421995], ['', 1, 1513609139], ['', 5, 1507020666], ['', 5, 1493729121]]"
12,Белупо лекарства и косметика д.д.,55.709838,37.508419,ChIJW-VRVBNMtUYRIdc5aVQzaWg,Белупо Лекарства и Косметика Д. Д.,1.0,https://www.vidal.ru/drugs/company/193,"[['Ь', 1, 1471342532]]"
13,Белмедпрепараты РУП,55.773166,37.52703,ChIJ-zHoPnZJtUYR8D_m_FLE-Ec,РЛС,4.2,http://www.rlsnet.ru/,"[['Проблема с парковкой.', 4, 1485465879], ['Супер!!!', 5, 1492372310], ['Поблизи с кантемироаской', 5, 1454693118], ['I & you', 5, 1457173209], ['', 5, 1502776635]]"
14,Вифитех ЗАО,55.5457629,37.5545701,ChIJN5t4CjesSkERQ1DK79U7f40,Вифитех,5.0,http://vifiteh.ru/,"[['', 5, 1508799855]]"
15,Уралбиофарм ОАО,55.811562,37.523126,ChIJ-8ek18xJtUYR3JOmVnhoXCE,Уралбиофарм,,http://ubf.ru/,[]
16,Промомед Рус ООО/пр.Биохимик ПАО/ОАО,,,,,,,
17,Армавирская биологическая фабрика ФКП,55.75458099999999,37.626212,ChIJmRlppFlKtUYRAYZL6rWs5gA,Торгово-промышленная палата Российской Федерации,4.9,http://tpprf.ru/ru/,"[['Пешая доступность до 5 линий метрополитена - это важно! )', 5, 1495013391], ['Государственное учреждение. Часто проводятся деловые мероприятия, приём иностранных делегаций, бизнес миссий.', 5, 1476901819], ['Красивое здание итальянского архитектора', 5, 1487603301], ['Видимо здесь торгуют ', 4, 1479191534], ['Beautiful building.\n???? ????.\nКрасивой Здание.', 5, 1516897480]]"
18,Эльфа НПЦ АО/пр.Эльфа Лабораториз,55.7148983,37.6963579,ChIJPwXWEyi1SkERq8Hod9dusM4,"ЭЛЬФА, научно-производственный центр",,https://elfa.ru/o-kompanii/,[]
19,БиоИнтегратор ООО/пр.МираксБиоФарма ЗАО,,,,,,,
20,Джодас Экспоим ООО/пр.Джодас Экспоим Пвт.Лтд,55.652392,37.723875,ChIJN5oxUnW0SkERWYpJ7qGYp-w,Джодас Экспоим,,http://www.jodas.ru/,[]
21,Джодас Экспоим Пвт.Лтд,55.652392,37.723875,ChIJN5oxUnW0SkERWYpJ7qGYp-w,Джодас Экспоим,,http://www.jodas.ru/,[]
22,Татхимфармпрепараты ОАО,55.9123872,38.0090045,ChIJY83Q7CrTSkER4MHnT6ofxlc,Валента Фарм завод,5.0,http://www.valentapharm.com/,"[['', 5, 1482173127]]"
23,Гиппократ ООО,55.78129200000001,37.5767299,ChIJJ8OtDSBKtUYR1vvor6hLTaE,"""Гиппократ""",,,[]
24,Тева Фармацевтические Предприятия Лтд/пр.Фармахеми Б.В.,,,,,,,
25,Самарамедпром ОАО,55.90070799999999,37.53954100000001,ChIJ65qH_ec5tUYRyqbFA00vVqM,"ООО ""КДК ""Фиора""",,http://www.kdkfiora.com/,[]
26,Эллара МЦ ООО,55.763673,37.567951,ChIJSXH0pC1KtUYR2rrLQr9T7jo,"МЦ ""Эллара""",,http://www.ellara.ru/,[]
27,Микроген НПО ФГУП (Иммунопрепарат г.Уфа),55.73088389999999,37.64435170000001,ChIJ082evx9LtUYRfteuOWQcgD8,"ФГУП ""НПО ""микроген"" МЗ РФ",,http://www.microgen.ru,[]
28,Эбботт Лэбораториз ГмбХ,55.82137299999999,37.4977183,ChIJT7_H2zxItUYR1N1ini-eKuY,Эбботт Лэбораториз,5.0,http://www.abbott-russia.ru/,"[['Офис основных подразделений компании.', 5, 1470731188], ['', 5, 1489264283], ['', 5, 1460583660], ['', 5, 1508746627]]"
29,НИИ медицины и стандартизации ООО/пр.РФК ЗАО,55.772303,37.57581100000001,ChIJ-3ZWziVKtUYRM5CeMyvxCs8,"АО ""Всероссийский научно-исследовательский институт сертификации""",,http://www.vniis.ru/,[]
30,Авентис Фарма Лтд/пр.Авентис Фарма Холмс Чэпл,,,,,,,
31,Медполимер фирма ОАО (Спб),55.810278,37.59155699999999,ChIJmWay4rW4SkERjFsNFF3hcDY,"БиоМедТорг, ООО",4.6,http://biomedtorg.ru/,"[['Хотел бы выразить огромную благодарность за отличную работу и высококлассную продукцию всем сотрудникам компании ""БиоМедТорг"". Образцы продукции компания высылает бесплатно, что сейчас редко встретишь. Сотрудничеством довольны, будем и впредь заказывать бахилы только у Вас!!', 5, 1484529649], ['Компания ""Биомедторг"" уже не первый год поставляет бахилы в наш фитнес-центр ""ART-Fit"". Продукция высокого качества при доступной цене. Поставки происходят всегда в срок, оговоренный при оформлении заказа. \nСобираемся и впредь пользоваться услугами компании ""БиомедТорг""!!!', 5, 1481491970], ['', 5, 1514111534], ['', 3, 1507671269], ['', 5, 1500313068]]"
32,Эвалар ЗАО,55.7225439,37.5155246,ChIJb5YieAlMtUYRC59u2Jeuyhg,Эвалар,3.0,https://www.evalar.ru/,"[['В магазине хороший ассортимент продукции. Практически без торговых наценок, по цене производителя. Минус: написано, что есть скидки пенсионерам, но, как оказалось, только по карте москвича.?', 4, 1485156415], ['Крайне нелюбезная и хамоватая секретарь на первом этаже ресепшн офиса на улице Довженко.', 2, 1506663175]]"
33,Лихт Фар Ист (С) Пте Лтд,,,,,,,
34,Берлин-Хеми/Менарини Фарма ГмбХ/пр.Берлин-Хеми АГ,55.7470082,37.5368107,ChIJ4xjzpN1LtUYR7rOz674wlMY,Берлин-Хеми/А. Менарини,,http://mezimforte.ru/,[]
35,Микроген НПО ФГУП (Пермское НПО Биомед),55.73088389999999,37.64435170000001,ChIJ082evx9LtUYRfteuOWQcgD8,"ФГУП ""НПО ""микроген"" МЗ РФ",,http://www.microgen.ru,[]
36,Долоргит ГмбХ и Ко.КГ,55.76172099999999,37.6789879,ChIJtfmJlfeySkERM8quumUoRUA,Верваг Фарма ГмбХ И Ко. Кг,5.0,http://www.woerwagpharma.ru/,"[['', 5, 1436652761]]"
37,Обновление ПФК ЗАО,55.709838,37.508419,ChIJYTwhVBNMtUYRXUge9SXJ8vo,Аква Марис,,http://aquamaris.ru/,[]
38,Джодас Экспоим ООО/пр.НоваЛек Фармасьютикалс Пвт. Лтд.,,,,,,,
39,Джонсон и Джонсон ООО/пр.Янссен Фармацевтика Н.В,,,,,,,
40,Шеринг-Плау Лабо Н.В.,55.72319049999999,37.6091515,ChIJn-lNRw5LtUYR8gybSDdC-dE,Schering Plough (Швейцария),,,[]
41,Свердловская областная станция переливания крови,55.761979,37.799353,ChIJHTRqI8LKSkERuw4Luplp0K0,Московская областная станция переливания крови,4.5,http://mospk.life/,"[['Несколько раз посещала эту станцию переливания крови. Хочется поблагодарить и выразить уважение этому замечательному коллективу! Всех!\nНачиная от работников гардероба до заведующей! Особенно мед персонал при заборе крови. Очень квалифицировано, внимательно ко всем пациетам, аккуратно работают. Спасибо большое Вам! В регистратуре вежливо и обходительно встречают, что очень приятно! Хочется приходить к ним снова и снова! СПАСИБО БОЛЬШОЕ ВАМ ЗА ЧУТКОЕ ВНИМАНИЕ К ДОНАРАМ!', 5, 1510322474], ['Сдаю кровь(плазму ,ежели быть точным) тут уже лет пять или семь , все отлично, персонал доброжелательный, единственное в помещении ожидания и непосредственно где сдаете кровь стоят телевизоры ... вай фая нет, гардероб есть, парковка условная... в общем и целом , все хорошо.', 4, 1511167806], ['Приятное место. Персонал отзывчивый. Очереди по сравнению с другими СПК не такие уж и большие, а если придти чуть раньше открытия, то вообще быстро пролетишь. Комфортные кресла.', 5, 1504265234], ['Впечатление двоякое: с одной стороны персонал не самый дружелюбный, нет парковочных мест, ремонт давно не проводился (в такой обстановке сдавать кровь далеко не всем комфортно), но с другой стороны меня здесь врач в первый раз при осмотре не допустила к сдаче крови, потому что заметила шумы в сердце, что помогло вовремя купировать заболевание.', 4, 1512664591], ['Очень внимательно смотрят, тащите все справки какие можете. Давали отводы за косой взгляд.', 4, 1518427692]]"
42,Эском НПК ОАО,55.773166,37.52703,ChIJ-zHoPnZJtUYR8D_m_FLE-Ec,РЛС,4.2,http://www.rlsnet.ru/,"[['Проблема с парковкой.', 4, 1485465879], ['Супер!!!', 5, 1492372310], ['Поблизи с кантемироаской', 5, 1454693118], ['I & you', 5, 1457173209], ['', 5, 1502776635]]"
43,Дальхимфарм ОАО,55.7063401,37.7257273,ChIJeZc7yh21SkERx5trQmeTwnI,Дальхимфарм,,http://dhf.khv.ru/,[]
44,СтатусФарм ООО/Ереванская ХФФ,55.773166,37.52703,ChIJ-zHoPnZJtUYR8D_m_FLE-Ec,РЛС,4.2,http://www.rlsnet.ru/,"[['Проблема с парковкой.', 4, 1485465879], ['Супер!!!', 5, 1492372310], ['Поблизи с кантемироаской', 5, 1454693118], ['I & you', 5, 1457173209], ['', 5, 1502776635]]"
45,Тева Фармацевтические Предприятия Лтд/пр.Меркле ГмбХ,55.88479239999999,37.6389671,ChIJJ5fWIyo3tUYRTa5_7lFX-00,ФАРМАДАТА,,http://pharmadata.ru/,[]
46,Эгис Фармацевтический завод ЗАО,55.727494,37.44964909999999,ChIJI4yfn75OtUYRGG4VQOaQWXs,"Фармацевтический завод ""Эгис""",,http://www.egis.ru/,[]
47,Байер АО/пр.Драгенофарм Апотекер Пюшль ГмбХ и Ко.КГ,,,,,,,
48,Санофи-Авентис Франс,55.7673488,37.6012123,ChIJAQDMt-NKtUYRM4Emp4K--ZI,Санофи-авентис,,http://www.sanofi.ru/,[]
49,Сандоз ГмбХ/пр.Глобофарм фармацойтише Продуктьонс унд Хандельсгезелльшафт мбх,,,,,,,
50,Аджио Фармацевтикалз Лтд,55.686634,37.607479,ChIJydtP0a5MtUYRvaTk_uo0weY,Аджио-Фармацевтика,,http://agio-pharma.yp.ru/,[]
51,Таллиннский ХФЗ/пр.Гриндекс АО,,,,,,,
52,Эбботт Хелскеа Продактс Б.В./пр.Эбботт Хелскеа САС,,,,,,,
53,Фрезениус Каби Дойчланд ГмбХ/пр.Фрезениус Каби Австрия ГмбХ,55.7901416,37.5470353,ChIJS_LCU5VJtUYRXZtDixoQE5o,"ООО ""Фрезениус Каби""",5.0,http://www.fresenius-kabi.ru/,"[['', 5, 1516541875]]"
54,Микроген НПО ФГУП (Московское подразделение им.Габричевского),55.77537299999999,37.617059,ChIJieZTUhNKtUYRlHpcqUkqDTE,"МИКРОГЕН, НПО ФГУП предприятие по производству бактерийных препаратов им. Г.Н.Габричевского",5.0,http://www.microgen.ru/,"[['', 5, 1454321398]]"
55,Рекитт Бенкизер Хелскэр Интернешнл Лтд,55.7318802,37.6438446,ChIJm5FQtSFLtUYRcLjIkK1z0wI,Рекитт Бенкизер,5.0,http://www.rb.com/,"[['', 5, 1465675197]]"
56,Такеда Фармасьютикалс ООО/пр.Такеда Австрия ГмбХ,55.730911,37.5766429,ChIJSefogZhLtUYRt0-leiY5nVo,"ООО ""Такеда Фармасьютикалс""",4.9,http://www.takeda.com.ru/,"[['Компактный современный бизнес центр со всеми атрибутами', 4, 1513776159], ['Я тут работаю и всем советую) ', 5, 1480453030], ['', 5, 1514494818], ['', 5, 1510307570], ['', 5, 1492264918]]"
57,Гедеон Рихтер ОАО/пр.Гедеон Рихтер-РУС,55.7283426,37.6169301,ChIJp7OiFxBLtUYRAlLOfZyUKcg,Московское представительство ОАО Гедеон Рихтер (Венгрия),,http://www.g-richter.ru/,[]
58,Ликонса А.О./уп.Гедеон Рихтер-РУС,,,,,,,
59,Байер Шеринг Фарма Ой,55.7903556,37.6599679,ChIJx76NZM1LtUYRQN7LcStjgSg,Bayer AG,4.9,https://www.bayer.ru/,"[['Офис отличный', 5, 1509259396], ['Изобретатели аспирина и всех его форм', 4, 1490791696], ['Просто офис  Bayer', 5, 1498567492], ['An awesome that serves people.', 5, 1495365414], ['', 5, 1509212205]]"
60,Фармасинтез АО/пр.Сандживани Парантерал Лтд.,,,,,,,
61,ЭкоФармПлюс ЗАО,55.773166,37.52703,ChIJ-zHoPnZJtUYR8D_m_FLE-Ec,РЛС,4.2,http://www.rlsnet.ru/,"[['Проблема с парковкой.', 4, 1485465879], ['Супер!!!', 5, 1492372310], ['Поблизи с кантемироаской', 5, 1454693118], ['I & you', 5, 1457173209], ['', 5, 1502776635]]"
62,Гротекс ООО,55.769099,37.5181239,ChIJJSdeaHFJtUYRTjthP6RII0E,Гротек,5.0,http://www.groteck.ru/,"[['', 5, 1507008771], ['', 5, 1505480677]]"
63,Медисорб ЗАО Пермь,,,,,,,
64,Астеллас Фарма Юроп Б.В./пр.Теммлер Верке ГмбХ,,,,,,,
65,АстраЗенека ЮК Лтд,55.7013235,37.57731669999999,ChIJ4w5Mw8bU3UMRTRqwLhVueGA,Astra Zeneca,,http://www.astrazeneca.ru/,[]
66,Озон ООО,55.816399,37.5077009,ChIJpQ9D8jBItUYRFofd50bTTJQ,"ОЗОН-МОНТАЖ, ООО",,http://ozon-voda.ru/contacts,[]
67,Эли Лилли энд Компани,55.747006,37.53692999999999,ChIJ4xjzpN1LtUYR0ZlLBxiSWAc,Эли Лилли Восток С.А.,,http://www.lilly.com/,[]
68,ДАВ Фарм ООО,55.799392,37.40765089999999,ChIJn_aYQZxItUYRhC6m01eiNzw,"Аптека ООО ""Фарм-Инк""",5.0,http://www.apteki-moscow.ru/directory/page/13/,"[['', 5, 1455042055]]"
69,Астеллас Фарма Юроп Б.В./пр.Р-Фарм АО/уп.Ортат ЗАО,,,,,,,
70,Нижфарм АО/пр.Обнинская ХФК ЗАО,55.701683,37.504487,ChIJIWybSrxNtUYR5rirUpXKu34,Неофарм,5.0,http://www.neopharm.ru/,"[['Самая лучшая аптека в округе: и по ценам, и по ассортименту, и по отношению к людям. Нежно люблю. Есть аптеки и ближе к дому, но если есть время - хожу в нее.', 5, 1513100450], ['Очень странно давать отзыв аптеке, но как я сюда ни приду тут супермилые провизоры мужчины кажется Павел и Валентин.)', 5, 1482442478], ['', 5, 1519486381]]"
71,Зентива к.с.,55.7676305,37.6008512,ChIJfXUVSz9KtUYRQNT2nzsvvmw,Зентива Фарма,,http://www.zentiva.ru/,[]
72,Салютас Фарма ГмбХ,,,,,,,
73,Алтайвитамины ЗАО (г.Бийск),55.7327784,37.5822849,ChIJ6VPxt6NLtUYR3XgwKqK4w34,Алтайвитамины,,http://www.altayvitamin.ru/,[]
74,Гексал АГ/пр.Салютас Фарма ГмбХ,55.72416699999999,37.68927,ChIJE83ztiy1SkERvqiJyay0tvg,Аптека,,http://apteka-lek.ru/,[]
75,Йодные технологии и маркетинг ООО,55.72174460000001,37.7035034,ChIJXUmmUi61SkERHF9ERMCNavk,Йодные Технологии И Маркетинг,,http://www.itimc.ru/,[]
76,Ирбитский ХФЗ ОАО,,,,,,,
77,Славянская Аптека ООО,55.740291,37.828729,ChIJ5yzpDWHKSkERIxXsUvrW6Fw,Мицар-Н,,http://mitsar-n.ru/,[]
78,Биннофарм АО,56.014996,37.18598190000001,ChIJsygL9UIUtUYRsYlUQqhOn8U,Биннофарм,4.0,http://www.binnopharm.ru/,"[['Ваш препарат,который нам втюхивают, Эритропоэтин,не работает!! При максимальной дозе,2000?7 в неделю! После импортозамещения,будете прокляты, упал гемоглобин', 1, 1511800012], ['', 5, 1510596035], ['', 5, 1485179544], ['', 5, 1442767541]]"
79,Пранафарм ООО,55.9149141,37.8207083,ChIJQYUyxRoytUYRqAFjjZsf-5E,Аптека 385,4.5,http://www.apteka385.ru/,"[['Хорошая аптека, очень внимательные фармацевты. Дают очень хорошую консультацию даже по телефону.', 5, 1514549924], ['Отличные цены, квалифицированные фармацевты.', 5, 1487532460], ['Разумные цены', 4, 1479725474], ['', 4, 1512810168]]"
80,Северная звезда ЗАО,55.604113,37.503353,ChIJ1zmbgUmtSkER_hO3YJ3iw_I,"ООО ""Северная Звезда""",4.3,http://north-star.su/,"[['Отличный автосервис. Грамотные мастера,приемлемые цены,качественно выполненные работы. Молодцы!!!', 5, 1521136132], ['Дважды протачивал диски в этом сервисе (одну ось, потом вторую). Остался доволен. Каждый раз присутствовал в рем.зоне, так что успел заметить нормальное отношение к клиентским тачкам. Оборудованы хорошо, мастера работают, по моим наблюдением, без спешки и ""на результат"". \nПожалуй, могу рекомендовать, и уж точно - в части проточки тормозных дисков.', 5, 1507056563], ['Отличный сервис. Особенно хотел бы отметить мастера Сергея. Настоящий специалист в японских авто, действительно любит свою работу и делает все, как себе.', 5, 1511709111], ['Отличный сервис, недорого и почти всё есть. Хороший электрик и жестянщик. Постоянным клиентам скидка', 5, 1512884619], ['Отличный сервис!\nОперативно, качественно, широкий спектр услуг.', 5, 1511448178]]"
81,Пфайзер Инк/пр.Пфайзер Айрлэнд Фарма/уп.Веттер Фарма-Фертигунг ГмбХ/вт уп. Вайет Фармасьютикалз,,,,,,,
82,Фармаприм ООО,55.78364,37.560017,ChIJu0cpgh5ItUYRgUw7GkBlxZA,ООО «ФК Гранд Капитал»,,http://grand-capital.ru/,[]
83,"Шеринг-Плау Лабо Н.В./пр.МСД Интернэшнл ГмбХ, Сингапур Бранч/уп.Ортат ЗАО",,,,,,,
84,Тева Фармацевтические Предприятия Лтд/Айвэкс Фармасьютикалс с.р.о.,55.7626032,37.6167273,ChIJ949EekNKtUYRMdqZlbPH84Q,Айвекс,,http://old.smed.ru/guides/28840,[]
85,Здоровье ФК ООО,55.808769,37.7714619,ChIJP08Uouk0tUYRk3ze9-caRGE,Ваше Здоровье ООО,,https://mc-vashezdorovie.ru/,[]
86,Мерк Шеринг-Плау,55.86089200000001,37.48395379999999,ChIJbzmY5hs4tUYRM1aNjyNDbyo,Intervet International B.v. Производитель Ветеринарных Препаратов,,http://www.msd-animal-health.ru/,[]
87,Анжеро-Судженский химико-фармацевтический завод ООО (Асфарма ООО),,,,,,,
88,"Микроген НПО ФГУП (Аллерген, г.Ставрополь)",55.73088389999999,37.64435170000001,ChIJ082evx9LtUYRfteuOWQcgD8,"ФГУП ""НПО ""микроген"" МЗ РФ",,http://www.microgen.ru,[]
89,ЭВЕР Нейро Фарма ГмбХ,55.7885929,37.58869519999999,ChIJd22kARNKtUYR_15_VenR82g,Эбеве Фарма,,https://www.rlsnet.ru/firm_index_id_404.htm,[]
90,Биокад ЗАО,55.7606729,37.1689262,ChIJq6qqasxEtUYR1tRvm4fQYLs,BIOCAD (ЗАО Биокад),4.0,http://www.biocad.ru/,"[['Класс', 5, 1448571870], ['', 5, 1509354873], ['', 5, 1499705474], ['', 1, 1434538583]]"
91,Сандоз д.д./пр.Лихтенхельдт ГмбХ Фармацойтише Фабрик/Салютас Фарма ГмбХ,,,,,,,
92,Фармамос ООО/пр.Митим С.Р.Л./уп.Фармакор Продакшн ООО,,,,,,,
93,Италфармако С.п.А./уп.Фармакор продакшн ООО,,,,,,,
94,Биотест Фарма ГмбХ,55.6825777,37.5507008,ChIJ-VjiQOxMtUYRWnZshldLBbE,Биотест Фарма ГмбХ,,,[]
95,Кировская ФФ,,,,,,,
96,Медхимпром-ПХФК,55.748162,37.9759529,ChIJh5D3XkHJSkERlTDYYs0NaxE,Медхимпром,,http://www.medhimprom.ru/kontakty,[]
97,Фитофарм ПКФ(г.Анапа),,,,,,,
98,Хербион Пакистан Пвт Лтд,55.6508538,37.50372850000001,ChIJgU5_wGtNtUYRfjvyeiOgskQ,Хербион,5.0,http://www.herbion.com/,"[['I had worked for this company for over 15 years ', 5, 1479476375]]"
99,Феррер Интернасьональ С.А.,,,,,,,
100,Лек д.д./пр.Салютас Фарма ГмбХ,,,,,,,
101,Лек д.д.,55.67757,37.666178,ChIJT6OYP5-0SkERYlHyYw8YBHM,Здоров.ру,4.5,http://www.zdorov.ru/,"[['Очень медленные продавцы, нужно заказывать через интернет, чтобы не ждать по 20 минут.\nЕсли делаете интернет-заказ, то проходите в приоритете к остальным, кто его не делал. \nК интернет-заказу нельзя добавлять новые лекарства, но можно сразу их докупить, не беря новый толончик.', 3, 1514215100], ['Недорогая аптека. Удобный сайт, на котором можно все заказать и зайти забрать. Все чисто, аккуратно. ', 5, 1494193474], ['если делать заранее интернет-заказ, то его можно забрать быстро и со скидкой. если надо уточнить наличие, лучше делать это по телефону - в аптеке можно потерять полчаса в обычной очереди', 5, 1490076105], ['Аптека - супермаркет. Хорошие цены, есть возможность сделать заказ через интернет, быстрое обслуживание(~6 касс).  ', 5, 1495355977], ['Цены в аптеке хорошие дешевле чем во многих аптеках, а если заказывать через сайт получается еще дешевле. Также при получение интернет заказа очередь приоритетная, приходишь в аптеку указываешь номер заказа и получаешь заказ быстрее. ', 5, 1478205118]]"
102,Випс-Мед Фирма ООО,55.966758,38.0569561,ChIJ_UUnnlortUYRg80Y4wMgJ80,"ООО ""Фирма ""ВИПС-МЕД""",5.0,http://www.vipsmed.ru/,"[['', 5, 1502564465]]"
103,Эльфа НПЦ АО/пр.Протекх Биосистемс Пвт.Лтд/уп.Биохимик ПАО,,,,,,,
104,Санкт-Петербургский НИИВС,55.78615559999999,37.6352926,ChIJe8LHSnVKtUYRXPkn1lar3bo,wer.ru,4.7,http://www.wer.ru/,"[['Знаю их ещё со времен проезда Серебрякова! Заказываю на сайте и выкупаю самовывозом. Цены нравятся, хотя есть и подешевле аптечки. Очереди редко, но бывают, зато очередь по талонам. Плохо, что стали требовать рецепты, но понимаю что справедливо. Не очень большой ассортимент по сопутствующим товарам. Так-то доволен на 5*.', 5, 1521140803], ['Отличная аптека, низкие цены, можно заказать в интернете. Очень довольна!  Покупаю там не первый раз.  Обслуживание быстрое.', 5, 1517779979], ['Большая, просторная и удобная аптека. Хороший ассортимент. Цены на некоторые лекарства и товары могут быть минимальными среди всех рядом расположенных аптек. Много касс, в очереди долго стоять не приходится', 5, 1515316413], ['Не всегда есть необходимые лекарства. Можно заказать доставку. Аптека в шаговой доступности. Очень выручает', 5, 1520160983], ['Оборудована по высшему разряду. Есть даже интернет-заказы, но обслуживание совковое! Даже, если ты позвонишь и предупредишь, что зайдёшь за заказом - его будут собирать только при тебе. При этом может выясниться, что нужного лекарства нет, разобрали! А собрать заказ заранее не судьба!!', 2, 1486379721]]"
105,Д-р Реддис Лабораторис Лтд,55.7440001,37.6349599,ChIJz0wKvftKtUYRE6bn6S4LM_s,Др. Редди'с Лабораторис,5.0,http://ibuclin.com/kontakty/,"[['', 5, 1500320654]]"
106,Биосинтез ПАО,55.72028299999999,37.77909069999999,ChIJ6xIHYka1SkERc-eFU7L6eQE,Биосинтез,,http://www.biosintez.com/,[]
107,АВВА РУС АО,55.76510309999999,37.41367279999999,ChIJY8up48xItUYRcbCjYoGqLTk,АВВА РУС,5.0,http://www.avva-rus.ru/,"[['', 5, 1498811309]]"
108,Мосхимфармпрепараты им.Семашко ОАО,55.7378861,37.6552353,ChIJ055xDOdKtUYR-eYTXo8MdQQ,Мосхимфармпрепараты ОАО им. Н.А. Семашко,3.7,http://www.mhfp.ru/,"[['Отвратительный завод!!!!таблетки делают способом ""не позволяешь,не поешь""сплошная антисанитария!!!сотрудникам деньги перестали выплачивать 3 месяца назад...рыба тухнет с головы!!!', 1, 1513004917], ['Желаю вашему заводу процветания, благополучия, чтобы не останавливались на одном месте и продолжали развиваться!', 5, 1515441036], ['', 5, 1306196066]]"
109,АстраЗенека ЮК Лтд/пр.АстраЗенека Фарма ЛП,55.7013235,37.57731669999999,ChIJ4w5Mw8bU3UMRTRqwLhVueGA,Astra Zeneca,,http://www.astrazeneca.ru/,[]
110,АстраЗенека ЮК Лтд/пр.АстраЗенека Фарма ЛП/уп.ЗиО-Здоровье ЗАО,55.4107098,37.57964139999999,ChIJ4zYSmhOoSkERS3QWboOmrZg,Зио Здоровье,3.0,http://www.zio-zdorovie.ru/,"[['Современное фармацевтическое предпритие.', 5, 1516470905], ['', 2, 1508212131], ['', 2, 1361328665]]"
111,Самарская областная станция переливания крови,55.761979,37.799353,ChIJHTRqI8LKSkERuw4Luplp0K0,Московская областная станция переливания крови,4.5,http://mospk.life/,"[['Несколько раз посещала эту станцию переливания крови. Хочется поблагодарить и выразить уважение этому замечательному коллективу! Всех!\nНачиная от работников гардероба до заведующей! Особенно мед персонал при заборе крови. Очень квалифицировано, внимательно ко всем пациетам, аккуратно работают. Спасибо большое Вам! В регистратуре вежливо и обходительно встречают, что очень приятно! Хочется приходить к ним снова и снова! СПАСИБО БОЛЬШОЕ ВАМ ЗА ЧУТКОЕ ВНИМАНИЕ К ДОНАРАМ!', 5, 1510322474], ['Сдаю кровь(плазму ,ежели быть точным) тут уже лет пять или семь , все отлично, персонал доброжелательный, единственное в помещении ожидания и непосредственно где сдаете кровь стоят телевизоры ... вай фая нет, гардероб есть, парковка условная... в общем и целом , все хорошо.', 4, 1511167806], ['Приятное место. Персонал отзывчивый. Очереди по сравнению с другими СПК не такие уж и большие, а если придти чуть раньше открытия, то вообще быстро пролетишь. Комфортные кресла.', 5, 1504265234], ['Впечатление двоякое: с одной стороны персонал не самый дружелюбный, нет парковочных мест, ремонт давно не проводился (в такой обстановке сдавать кровь далеко не всем комфортно), но с другой стороны меня здесь врач в первый раз при осмотре не допустила к сдаче крови, потому что заметила шумы в сердце, что помогло вовремя купировать заболевание.', 4, 1512664591], ['Очень внимательно смотрят, тащите все справки какие можете. Давали отводы за косой взгляд.', 4, 1518427692]]"
112,Верофарм АО,55.783271,37.707726,ChIJl4iGdHI1tUYRPpuMLBy-t98,Верофарм,,https://veropharm.ru/,[]
113,Бакстер АГ,55.771305,37.53832200000001,ChIJB4F09IJJtUYRGlmJbvZ62vE,Baxter AG,,http://www.baxter.com/,[]
114,ГлаксоСмитКляйн Трейдинг ЗАО/пр.ГлаксоСмитКляйн Фармасьютикалз С.А.,55.770605,37.421299,ChIJcWTIzMtItUYRsMzR_m-qC_s,Glaxosmithkline,,http://www.glaxosmithkline.ru/,[]
115,Тульская ФФ ООО,,,,,,,
116,Такеда Австрия ГмбХ,55.730911,37.5766429,ChIJSefogZhLtUYRt0-leiY5nVo,"ООО ""Такеда Фармасьютикалс""",4.9,http://www.takeda.com.ru/,"[['Компактный современный бизнес центр со всеми атрибутами', 4, 1513776159], ['Я тут работаю и всем советую) ', 5, 1480453030], ['', 5, 1514494818], ['', 5, 1510307570], ['', 5, 1492264918]]"
117,Фармстандарт ПАО/пр.Фармстандарт-Биолек ПАО/уп.Фармстандарт-Уфимский ВЗ ОАО,,,,,,,
118,Фармстандарт ПАО/пр.ЛЕККО ФармФирма ЗАО,55.785706,37.583986,ChIJk7FXGh5KtUYRUtOdUwazFNE,DSM Group,5.0,http://www.dsm.ru/,"[['', 5, 1509901177], ['', 5, 1494950948]]"
119,Джодас Экспоим Пвт.Лтд/пр.НоваЛек Фармасьютикалс Пвт. Лтд.,,,,,,,
120,Ядран Галенский Лабораторий АО,55.684104,37.5460939,ChIJvTdL7u1MtUYR401N-nauPxk,ЯДРАН — ГАЛЕНСКИ ЛАБОРАТОРИЙ,,http://zercalin.ru/,[]
121,Фармзащита НПЦ ФГУП(г.Химки),55.922027,37.4061369,ChIJFfC6-Ck5tUYR8_cDq_aEqeI,"ФГУП НПЦ ""Фармзащита"" ФМБА России",5.0,http://atompharm.ru/,"[[""Komme's workplace"", 5, 1508671711]]"
122,"Мерк Сероно С.А./пр.Мерк Сероно С.А., Филиал Обонн",,,,,,,
123,Никомед Дания АпС/пр.Никомед Фарма АС,,,,,,,
124,Хоффманн-Ля Рош Лтд/пр.Дженентек Инк/уп.Ортат ЗАО,55.6616108,37.5461009,ChIJn_8YrSBNtUYRI43H0GseLmU,Фармацевтический Вестник Газета,,https://www.pharmvestnik.ru/,[]
125,Такеда ГмбХ,55.730911,37.5766429,ChIJSefogZhLtUYRt0-leiY5nVo,"ООО ""Такеда Фармасьютикалс""",4.9,http://www.takeda.com.ru/,"[['Компактный современный бизнес центр со всеми атрибутами', 4, 1513776159], ['Я тут работаю и всем советую) ', 5, 1480453030], ['', 5, 1514494818], ['', 5, 1510307570], ['', 5, 1492264918]]"
126,Органика АО,55.6531819,37.72526769999999,ChIJoUk_NHW0SkERMgy3DMTrbDM,Органика,,http://www.organica-nk.ru/,[]
127,ЛЕККО ФармФирма ЗАО,55.6708361,37.5559694,ChIJ0_am5dxMtUYRrUww7GlBYZY,Здоров.ру,4.2,http://zdorov.ru/,"[['Отличная аптека.Была....,когда начинали. Погоня за оборотом превратила со временем достоинства в г....но. Заказал витамины 11 декабря около 16-40/50.Номер заказа был получен, но sms не пришло.Ехал с работы. Через 40 минут зашел в аптеку. Заказ не был готов. При общении с провизором узнал,что под ""моим"" номером числятся какие-то другие медикаменты.Ушёл. Сел в автобус,поехал домой. Звонок в автобусе.""Бла-бла-бла"" из аптеки. Спасибо .Если не умеете работать с интернет-заказами, то НЕ СУЙТЕСЬ В ИНТЕРНЕТ-ТОРГОВЛЮ. Продавайте свои медикаменты неторопящимся  бабушкам. А я уж как-нибудь в вер ру или столичках куплю с доставкой по вашей цене самовывоза. Наживайтесь,на здоровье.', 1, 1513872727], ['Сегодня зашли с сыном ща супростином началась аллергия. Мой молодой человек подошол первым. Я стояла за ним. Медленно обслужив и расчитав его. Мне сказала идите за талоном при этом до этого с других этого не спрашивалось. Когда я через 3 секунды вернулась с талоном хамским тоном заявила а теперь жлите очередь зашло 3 человека. Научите пожалуйста персонал вежливо обьяснять правила и применять их ко всем а не выборочно по желанию мама с ребенком мимо, симпатичный молодой человек пожалуйста. Больше к вам не приду хотя рядом с домом и часто покупаю лекарства на очень большие суммы по 10 тыс в мес.', 1, 1497285444], ['Дёшево, быстрое обслуживание через электронную очередь, есть в наличии препараты, которые в других аптеках только под заказ или вовсе отсутствуют', 5, 1505920652], ['Отличная аптека, цены одни из самых низких по Москве.  Теперь ходим только сюда , при первом посещении совет оформите их дисконтную карту', 5, 1473761192], ['Отличная аптека! Цены радуют ! ', 5, 1493662709]]"
128,АстраЗенека АБ,55.7013235,37.57731669999999,ChIJ4w5Mw8bU3UMRTRqwLhVueGA,Astra Zeneca,,http://www.astrazeneca.ru/,[]
129,ГлаксоСмитКляйн Трейдинг ЗАО/пр.СмитКляйн Бичем ПиЭлСи,55.770605,37.421299,ChIJcWTIzMtItUYRsMzR_m-qC_s,Glaxosmithkline,,http://www.glaxosmithkline.ru/,[]
130,Атолл ООО/пр.Озон ООО,55.665809,37.741544,ChIJNXiLcGu0SkER4YBRZ1CF8iM,"ООО ""Профессиональные Инновационные Системы""",,http://www.profinsys.ru/,[]
131,Протек-СВМ ООО/пр.ФармКонцепт ООО/Редкинский опытный завод ОАО,,,,,,,
132,Березовский фармзавод ЗАО,55.727494,37.44964909999999,ChIJI4yfn75OtUYRGG4VQOaQWXs,"Фармацевтический завод ""Эгис""",,http://www.egis.ru/,[]
133,Эльфа НПЦ АО/пр.Эльфа Лабораториз/уп.Биохимик ПАО,,,,,,,
134,Валента Фарм ПАО,55.9123872,38.0090045,ChIJY83Q7CrTSkER4MHnT6ofxlc,Валента Фарм завод,5.0,http://www.valentapharm.com/,"[['', 5, 1482173127]]"
135,Шеринг-Плау Лабо Н.В./пр.Шеринг-Плау (Бринни) Компани,,,,,,,
136,Аспен Фарма Трейдинг Лимитед/пр.Сенекси,,,,,,,
137,Байер Шеринг Фарма АГ,55.7903556,37.6599679,ChIJx76NZM1LtUYRQN7LcStjgSg,Bayer AG,4.9,https://www.bayer.ru/,"[['Офис отличный', 5, 1509259396], ['Изобретатели аспирина и всех его форм', 4, 1490791696], ['Просто офис  Bayer', 5, 1498567492], ['An awesome that serves people.', 5, 1495365414], ['', 5, 1509212205]]"
138,Айвэкс Фармасьютикалс с.р.о.,55.7294407,37.62600669999999,ChIJkbo1cRJLtUYRMGRLo57JCGQ,Тева,,http://utrinos.ru/,[]
139,Тева Фармацевтические Предприятия Лтд/пр.Тева Чешские Предприятия с.р.о.,55.7294407,37.62600669999999,ChIJkbo1cRJLtUYRMGRLo57JCGQ,Тева,,http://utrinos.ru/,[]
140,Ипсен Фарма/пр.Ипсен Биофарм Лтд,,,,,,,
141,Санофи-Синтелабо Лтд,55.659119,37.7514321,ChIJu4O6bBG0SkERH2Glcrufkzo,Натур Рецепт,5.0,https://www.naturrecept.ru/,"[['', 5, 1476204574], ['', 5, 1461946322]]"
142,Санофи Россия АО/пр.Болдер Арцнаймиттель ГмбХ и Ко.КГ/Берингер Ингельхайм Фарма ГмбХ и Ко.КГ,,,,,,,
143,Меркле ГмбХ,,,,,,,
144,СиЭнВиТи Фарма Лимитед/пр.Актавис Групп АО,55.7362664,37.62236899999999,ChIJf5WJuQNLtUYR53XHU6jH9zM,АКТАВИС,,,[]
145,ЮжФарм ООО,55.7220194,37.7651448,ChIJF_t29XG1SkERai_VeOLwu0k,"ООО ""Формат качества""",,http://www.fqcertif.ru/,[]
146,Натива ООО,55.766281,37.593895,ChIJs8k2pDlKtUYRTBV4Ej5i3Os,"ООО ""Натива""",5.0,http://www.nativa.pro/,"[['Хорошая компания. Приятно иметь с ними дело.', 5, 1457121289]]"
147,Рузфарма ООО,55.652392,37.723875,ChIJN5oxUnW0SkERWYpJ7qGYp-w,Джодас Экспоим,,http://www.jodas.ru/,[]
148,Лаборатории Роза-Фитофарм,,,,,,,
149,Элда Интернэшнл  ДМСС/пр.Кларис Инжектэблс Лимитед,,,,,,,
150,Муромский приборостроительный завод,55.73356769999999,37.57783939999999,ChIJh6YXHqNLtUYROmVF8hYReLE,Второй Московский Приборостроительный Завод,,http://www.2mpz.ru/,[]
151,Дансон Трейдинг Фарма Ко Лтд/Данафа Фарма Джойнт Сток Ко,,,,,,,
152,Троицкий йодный завод,,,,,,,
153,Сандоз д.д./пр.Салютас Фарма ГмбХ,,,,,,,
154,Бакстер,55.823191,37.49671610000001,ChIJT7_H2zxItUYRdRNdSWE6NK4,БАКСТЕР,,http://www.baxter.com.ru/,[]
155,Польфарма АО,55.732702,37.644233,ChIJOa8iK-BKtUYRXldxM_f7m40,Polpharma Rus,,http://polpharma.ru/,[]
156,Медана Фарма Терполь АО,,,,,,,
157,Новартис Фарма АГ/пр.Новартис Фарма Штейн АГ,55.8049297,37.5207385,ChIJmftiOMpJtUYRiah5H_Lr6cg,Novartis,4.2,http://novartis.ru/,"[['Для того, чтобы войти в здание сначала нужно обойти вокруг него наполовину, что довольно неудобно. \nВнутри обычный офис со всем из этого вытекающими. 9 по 11 этаж предназначены под переговорные. Причём с этих этажей есть выход на крышу, с которой открывается вид на Москву и на триумф палас. Летом на этом балконе проводится много спортивных и других мероприятий, но зимой, по очевидным причинам туда лучше не ходить.\nВнутренняя столовая для сотрудников, конечно, стоит просто космических денег.', 5, 1513626706], ['Удобный офис для работы и корпоративов. На первом этаже столовая. Выше - офисы.', 5, 1514475157], ['Все отлично', 5, 1513317843], ['', 1, 1515739160], ['', 5, 1515321289]]"
158,Астеллас Фарма Юроп Б.В./уп.Ортат АО,,,,,,,
159,Эс Джи Биотех АО/пр.Бакстер АГ,55.9149141,37.8207083,ChIJQYUyxRoytUYRqAFjjZsf-5E,Аптека 385,4.5,http://www.apteka385.ru/,"[['Хорошая аптека, очень внимательные фармацевты. Дают очень хорошую консультацию даже по телефону.', 5, 1514549924], ['Отличные цены, квалифицированные фармацевты.', 5, 1487532460], ['Разумные цены', 4, 1479725474], ['', 4, 1512810168]]"
160,Ф.Хоффманн-Ля Рош Лтд/пр.Рош С.п.А.,55.79142400000001,37.635168,ChIJhQmCTPQ1tUYRf2pGkigleRQ,Ваше Здоровье,,http://vzdr.ru/,[]
161,Ранбакси Лабораториз Лтд,55.82635000000001,37.6281953,ChIJY5alyXk2tUYRlxyBZb2_pAM,Ранбакси,,http://www.sunpharma.com/russia,[]
162,Ист-Фарм ЗАО,55.802507,37.74364200000001,ChIJqVjuv-I0tUYR24VQf6E9RMM,ИСТ-ФАРМ,,,[]
163,Производство Медикаментов ООО (ПроМед ООО),,,,,,,
164,Фармасофт НПК ООО/Армавирская биологическая фабрика ФКП,,,,,,,
165,Новартис Фарма АГ/пр.Новартис Фарма С.п.А.,55.8049297,37.5207385,ChIJmftiOMpJtUYRiah5H_Lr6cg,Novartis,4.2,http://novartis.ru/,"[['Для того, чтобы войти в здание сначала нужно обойти вокруг него наполовину, что довольно неудобно. \nВнутри обычный офис со всем из этого вытекающими. 9 по 11 этаж предназначены под переговорные. Причём с этих этажей есть выход на крышу, с которой открывается вид на Москву и на триумф палас. Летом на этом балконе проводится много спортивных и других мероприятий, но зимой, по очевидным причинам туда лучше не ходить.\nВнутренняя столовая для сотрудников, конечно, стоит просто космических денег.', 5, 1513626706], ['Удобный офис для работы и корпоративов. На первом этаже столовая. Выше - офисы.', 5, 1514475157], ['Все отлично', 5, 1513317843], ['', 1, 1515739160], ['', 5, 1515321289]]"
166,Медокеми Лтд,55.748897,37.68291509999999,ChIJ26B5Wb5KtUYRGp76xU7Fhl8,Сентисс Фарма Пвт.Лтд.,,http://sentiss.ru/,[]
167,Тюменский ХФЗ,,,,,,,
168,Сан Фармасьютикал Индастриз Лтд,55.6616108,37.5461009,ChIJn_8YrSBNtUYRxyUlP-UJ5Yw,Сан Фармасьютикал Индастриз Лимитед,,http://www.sunpharma.com/russia,[]
169,Роттафарм С.п.А.,55.63680609999999,37.5100389,ChIJQf5hJFtNtUYRRRt5ETR73jo,"ROTTA PHARMA, фармацевтическая компания",,http://www.dona.rotta.ru/,[]
170,Польфарма Фармацевтический завод С.А.,55.732702,37.644233,ChIJOa8iK-BKtUYRXldxM_f7m40,Polpharma Rus,,http://polpharma.ru/,[]
171,Тиарекс ООО/пр.Мосфарм ООО,55.689735,37.6031081,ChIJvUgQEaZMtUYRov3jpImZGaM,TRX SPORT,,http://trxsport.ru/,[]
172,Эли Лилли Восток С.А./пр.Лилли Франс,,,,,,,
173,Деко Компания ООО,55.8605289,37.6548278,ChIJI3pnC8A2tUYRELgrYngPJCg,КОМПАНИЯ ДЕКО,5.0,http://www.dekopharm.ru/,"[['', 5, 1329807197]]"
174,Виал ООО/пр.Северная Китайская Фарм Ко Лтд,,,,,,,
175,Ф.Хоффманн-Ля Рош Лтд/уп.Рош С.п.А.,,,,,,,
176,Борисовский ЗМП ОАО,,,,,,,
177,Веттер Фарма-Фертигунг ГмбХ и Ко.КГ/уп.Рош Диагностикс ГмбХ,,,,,,,
178,Камада Лтд/уп.Протера ООО,,,,,,,
179,Симпекс Фарма Пвт.Лтд,,,,,,,
180,Берингер Ингельхайм Интернешнл ГмбХ/пр.Берингер Ингельхайм Эллас А.Е.,,,,,,,
181,Ратиофарм ГмбХ/пр.Меркле ГмбХ,,,,,,,
182,ГлаксоСмитКляйн Фармасьютикалз С.А.,55.7465042,37.5363048,ChIJ3aIdmd1LtUYRF1J66aN6108,ГЛАКСОСМИТКЛЯЙН ХЕЛСКЕР,,http://ru.gsk.com/,[]
183,Лекарь ООО,55.832322,37.53170000000001,ChIJ9aEgpdA3tUYRNaM14QsR7MY,Аптека ООО Лекарь,5.0,,"[['', 5, 1520917863], ['', 5, 1515006369]]"
184,Медикор ЦСМ ЗАО/Сэлвим ООО,55.76632559999999,37.5324895,ChIJTeJ8fHlJtUYR-UM8L-_p3Ns,Сэлвим,5.0,http://www.salvim.ru/,"[['', 5, 1432094634]]"
185,Берингер Ингельхайм Интернешнл ГмбХ,55.822188,37.4995391,ChIJXzhChTxItUYRrZLAAkdQf_c,Берингер Ингельхайм,5.0,https://www.boehringer-ingelheim.ru/,"[['Отличная работа', 5, 1481463981], ['', 5, 1502185334]]"
186,Орхид Хелскэр (подразделение Орхид Кемикалс энд Фармасьютикалс Лтд.),,,,,,,
187,Замбон С.П.А.,55.743744,37.5866491,ChIJteSYs7FLtUYRN4RzNBJ2P1s,Zambon,4.0,http://www.zambon.ru/,"[['', 5, 1516360081], ['', 4, 1454503748], ['', 3, 1372204381]]"
188,Кревель Мойзельбах ГмбХ,55.77538509999999,37.5858111,ChIJceyUBiNKtUYRyJmP0fAAc-k,Кревель Мойзельбах ГмбХ,,http://www.krewel-meuselbach.ru/,[]
189,Лаборатории Сервье/пр.Сервье (Ирландия) Индастриз Лтд.,,,,,,,
190,Мосфарм ООО,55.704604,37.64617000000001,ChIJoVFx8zRLtUYReBR6uAX6YdM,Мосфарм,,,[]
191,Тютор С.а.С.И.Ф.И.А./пр.МР Фарма С.А/уп.Протера ООО,,,,,,,
192,Байер Биттерфельд ГмбХ,55.790233,37.5852151,ChIJ_5nO4RRLtUYRgKPSs_37TYk,Интернет-аптека Piluli.ru,2.9,http://www.piluli.ru/,"[['Курьеры просто жесть. Лучше сменить обслуживающую организацию. \nПри просьбе оставить комментарий, слова все сделали, но по факту - ничего. \nВместо решения проблемы - рассказ как у них все сложно. \nПонимаю сложную экономическую обстановку в стране, но рекомендую пересмотреть качество предоставляемого сервиса. \nВ результате решения проблемы - отмена заказа.', 1, 1517227850], ['очень не хотела писать этот отзыв. и до последнего пыталась связаться с отделом по работе с клиентами... но увы... до этого была постоянным клиентом, косяков не было никогда, а если и были, то всегда можно войти в положение. Но эти ребята решили, что я идиотка с плохой памятью. Был сделан заказ. в письме была дата доставки. В назначенное время доставки (а точнее через час после) звонок.... и оп оп.... оказывается у меня заказ на следующий день. И мне упорно утверждают, что это я оказывается ошиблась. после чего заказ вообще отменили, хотя такой просьбы от меня не поступало. Короче дойду до обычной аптеки, а вы ребята и дальше продолжайте терять клиентов...', 1, 1520316774], ['третья попытка заказать лекарства в этой аптеке.\nопять одного нет в наличии,когда будут не знают.\nа еще аптека, которая есть НА САМОМ САЙТЕ,и в которой можно бесплатно забрать, оказывается не работает с ними,очень странно.\nпожалуй, это моя последняя попытка заказать у них лекарства.', 1, 1495957444], ['Не надейтесь, что вам доставят лекарство в срок. Мой срочный заказ не дождалась вчера, и сегодня весь день жду. Курьеры просто обманывают.', 1, 1493227260], ['Являюсь постоянным клиентом интернет-аптеки Пилюли.ру\nВсегда всё было нормально, но последний заказ изрядно подпортил впечатление. Целый день просидел в ожидании доставки, все планы на праздничный день 7 января - насмарку...\nСлоган "" принимайте лекарства вовремя"" сейчас звучит издёвкой!\nСсылка на множество заказов и праздничные дни оправданием не является, ведь речь идёт о лекарствах, а не фейерверках или колбасе.', 2, 1483806772]]"
193,Лаборатории Галдерма,55.70989400000001,37.656322,ChIJGTxC5wxLtUYRe5GfEKUONRk,Медсервис Диагностика,,http://www.medd.ru/,[]
194,Фармстандарт-Уфимский витаминный завод ОАО,55.9211488,37.5273201,ChIJgTkLbY85tUYRjy6a50nTqAQ,ФАРМСТАНДАРТ,2.4,https://pharmstd.ru/,"[['Эти ребята класс! По роду работы приходится сталкиваться с ними,они даже на складе работать не хотят!!! Работают одни пенсионеры,и люди пред пенсионного возраста!!!сами не работают и другим не дают!!!', 1, 1508333046], ['Кларисенс. Почему в упаковке из 30 таблеток по 10 мг (цена 115 р 50 коп), содержаться только 28 таблеток? Тут в принципе дело, не в деньгах. Покупатель должен знать, что не получит ""кота в мешке"".    \nНа сайте обратная связь не работает. В поле где должны стоять предлагаемые цифры -стоят слова (Например вместо 33, стоит Tri Tri), пробовала вводить и цифрами и буквами- сообщение не уходит.\nПрошу ответить.', 2, 1407821403], ['Уважаемые друзья! Купил Ваш спрей, а применить не могу - он почти совсем не брызгается. Видимо, в упаковке (баллоне) есть брак. По обратной связи не смог Вам написать - сообщает, что неверно написаны цифры. Перепробовал все варианты - писал цифрами, буквами (кириллицей и латынью) - ничего не прошло. Вероятно, Вы сделали эти трудности не случайно.', 2, 1365786770], ['я вегетарианка, купила компливит, прочла в инструкции в списке вспомогательных веществ -желатин, и пришлось сразу же выбросить в мусор и вынести. Как жаль потраченных денег, пусть и небольших. ', 1, 1409158362], ['Дно', 1, 1503638268]]"
195,БиоФармКомбинат ООО,55.67638700000001,37.570796,ChIJyS2nIclMtUYR6uiXMFxWuKY,"ООО ""Коммерсантъ Картотека""",,http://www.kartoteka.ru/,[]
196,Флора Кавказа ОАО,,,,,,,
197,"Мапичем АГ/пр.Шаньдун Шэнлу Фармасьютикал Ко., Лтд,",,,,,,,
198,"КРКА, д.д., Ново место",55.8405754,37.493771,ChIJ3UaGaNRLtUYRLBn2gksA1Ac,КРКА,3.0,http://fypryst.ru/,"[['Подарили бракованные весы фирмы Редмонд на новый год за хорошую работу в качестве презентацию я отнесла их в фирменный сервисный центр где установили производственный брак однако на основании акта мне не не хотят их обменять на новый товар .помогите', 1, 1485355205], ['', 5, 1498335415]]"
199,Фирн М ЗАО,55.785867,37.61419,ChIJdQJbAQdKtUYRC47YwAAmDUM,"ЗАО ""Фирн М""",5.0,,"[['Производят отличное средство от простуды и гриппа Гриппферон', 5, 1498977329]]"
200,Юник Фармасьютикал Лабораториз,55.7606763,37.5852266,ChIJSRbiKDRKtUYRRtY1V-KXgmg,Юник Фармасьютикал Лабораториз,,http://www.jbcpl.ru/,[]
201,Генериум АО,55.7522388,37.5325035,ChIJZ9LB395LtUYRM-zk3WKovNY,Генериум,5.0,http://generiumzao.ru/,"[['', 5, 1501312066]]"
202,Аспен Фарма Трейдинг Лимитед/пр.Аспен Нотр Дам де Бондевиль,,,,,,,
203,Реплек Фарм ООО Скопье/уп.Березовский фармзавод ЗАО,,,,,,,
204,Екатеринбургская ФФ,,,,,,,
205,Биомед ОАО им.И.И.Мечникова (г.Красногорск),55.75273170000001,37.1651026,ChIJq6qqasxEtUYRKMobQ8i0TjU,"ОАО ""Биомед"" им. И.И. Мечникова",4.5,http://www.biomedm.ru/,"[['', 5, 1511024939], ['', 5, 1488107294], ['', 5, 1485685843], ['', 3, 1380545846]]"
206,МС-ВИТА ООО/пр.Синтез ОАО,55.69221700000001,37.5551261,ChIJ4W2d5Y1MtUYRQTmLIFqrPhw,РГУ нефти и газа (НИУ) имени И.М. Губкина,4.8,http://gubkin.ru/,"[['Не поступайте на геоэколога. И нет, это не тот ВУЗ откуда вас с руками оторвут в невтянку, если с головой и руками , хорошо, но все равно прийдется вертеться. На первом же курсе сразу берите все в свои руки, универ не то что не идет на встречу в оформлении документов, он скорее идет от вас в другом направлении. Как и в любом университете есть хорошие и плохие преподаватели. ПОСТУПАЙТЕ ТОЛЬКО ЕСЛИ ВАМ ИНТЕРЕСНО ВАШЕ НАПРАВЛЕНИЕ, О ВЫГОДЕ ЗАБУДЬТЕ, никто вас с боку припеку не трудоустроит. И в нефтянке не большие зарплаты, после университета начнёте с 45-50 как и все, если станете уже начальниками отделов, то только тогда поднимется зарплата  выше 120, но такие должности везде заняты.', 3, 1508930046], ['Хороший университет, преподаватели хорошие тоже.', 5, 1506700528], ['Самое престижное учебное заведение думаю поступить сюда', 5, 1502187641], ['Замечательный университет с уклоном в нефтегазовую отрасль. Хороший дворик с прототипом нефтедобывающей вышки. Отличный преподавательский состав.', 5, 1466324479], ['Отличный вуз для подготовки нефтегазовых специалистов!', 5, 1505835286]]"
207,Сахамедпром ГУП Республики Саха (Якутия),,,,,,,
208,Ваке спол.с.р.о,,,,,,,
209,ЭКОлаб ЗАО,55.7037598,37.568313,ChIJm3B8sINMtUYRTPc2C-3HsQo,Эколаб-центр,5.0,http://www.ekolab.ru/,"[['', 5, 1488474460]]"
210,Хиноин ЗАО,55.7225439,37.5155246,ChIJb5YieAlMtUYRC59u2Jeuyhg,Эвалар,3.0,https://www.evalar.ru/,"[['В магазине хороший ассортимент продукции. Практически без торговых наценок, по цене производителя. Минус: написано, что есть скидки пенсионерам, но, как оказалось, только по карте москвича.?', 4, 1485156415], ['Крайне нелюбезная и хамоватая секретарь на первом этаже ресепшн офиса на улице Довженко.', 2, 1506663175]]"
211,Эбботт Хелскеа Продактс Б.В./пр.Эбботт Биолоджикалз Б.В./уп.Верофарм АО,,,,,,,
212,АРС ООО/пр.Ви-Эм-Джи Фармасьютикалз Пвт. Лтд./уп.Ф-Синтез ЗАО,,,,,,,
213,Росбио ООО,55.422267,37.553157,ChIJe73X6xWoSkERsmC6psMeDhM,Зелдис-Фарма,5.0,http://www.zeldis.ru/,"[['', 5, 1521028779]]"
214,Лек д.д./уп.Сотекс Фармфирма ЗАО,55.785706,37.583986,ChIJk7FXGh5KtUYRUtOdUwazFNE,DSM Group,5.0,http://www.dsm.ru/,"[['', 5, 1509901177], ['', 5, 1494950948]]"
215,Виал ООО/пр.Янчжоу №3 Фармасьютикал Ко.Лтд,,,,,,,
216,Новосибхимфарм ОАО,55.6617251,37.5092279,ChIJaf1kOxBNtUYRQuW1cp98ydw,Р-Фарм,,http://www.r-pharm.com/ru/,[]
217,Кадила Фармасьютикалз Лимитед,55.77061800000001,37.653619,ChIJRyy2-nxKtUYRr2meqfHJvpw,Видаль Рус,,http://www.vidal.ru/,[]
218,Микроген НПО ФГУП (Омское предприятие БП),55.73088389999999,37.64435170000001,ChIJ082evx9LtUYRfteuOWQcgD8,"ФГУП ""НПО ""микроген"" МЗ РФ",,http://www.microgen.ru,[]
219,Спенсер Фарма Юкей Лимитед/пр.Акорн Индия Пвт. Лтд.,,,,,,,
220,Канонфарма Продакшн ЗАО,55.9302625,38.0432279,ChIJC9qlt9MstUYRmvj5LMf-JFY,Канонфарма продакшн,1.0,http://www.canonpharma.ru/,"[['Тут производство автобусы не ходят', 1, 1520681933]]"
221,Верваг Фарма ГмбХ и Ко.КГ/пр.Солюфарм ГмбХ и Ко.КГ,55.76172099999999,37.6789879,ChIJtfmJlfeySkERM8quumUoRUA,Верваг Фарма ГмбХ И Ко. Кг,5.0,http://www.woerwagpharma.ru/,"[['', 5, 1436652761]]"
222,Бофур Ипсен Фарма/пр.Бофур Ипсен Индастри,55.740128,37.6635774,ChIJ5XVxn8JKtUYRczn69jOkjv4,Ипсен Фарма,,https://www.ipsen.ru/%D0%BA%D0%BE%D0%BD%D1%82%D0%B0%D0%BA%D1%82%D1%8B/,[]
223,Виал ООО/пр.Шаньдун Шэнлу Фармасьютикал Ко. Лтд.,,,,,,,
224,НИИ им.Чумакова РАМН,55.6024717,37.3358751,ChIJIzMveudTtUYRVc59aRu00Rk,Научный центр исследований и разработки иммунобиологических препаратов имени М.П. Чумакова,4.5,http://www.chumakovs.ru/,"[['Крутой', 5, 1518856570], ['Тут самая интересная работа в моей жизни.', 5, 1507785380], ['Не удобно добираться своим пешком из Града Московского', 5, 1514071020], ['Беда с туалетом,их там нет((((', 3, 1512736033], ['Я здесь живу, и нам здесь хорошо.', 5, 1502683647]]"
225,Варшавский ФЗ АО Польфа,,,,,,,
226,Марбиофарм ОАО,,,,,,,
227,К.О. Биотехнос С.А./К.О. Ромфарм Компани С.Р.Л.,,,,,,,
228,Ярославская ФФ,55.817562,37.647465,ChIJqzKIXdk1tUYRQgmBLie7kjc,Гостиница «Ярославская»,4.0,http://yaroslavskaya.com/,"[['Плюсы: \nОчень приветливый персонал. Мы приехали раньше официального времени заселения, номер был еще не готов, но нам предложили поставить сумки в камеру хранения, причем это сделал охранник, сами мы с сумками не таскались! На первом этаже идет ремонт, грязно, пахнет стройкой, но это ведь ради будущих улучшений! Номер дали на третьем этаже! Скромный! Чистейшие простыни, аж скрипят,  удобная подушка! Из-за нашего раннего выезда из гостиницы заменили завтрак ланч-боксом! \nМинусы:\nОбшарпанные обои, мусор под кроватью, вид на останкинскую башню и, что просто убило, - на кладбище! В ванне отсутствует затыкашка, спасла русская смекалка - закрыла слив стаканом! Представляю, как с этой проблемой справляются иностранцы!))))))', 3, 1519708863], ['Гостиница очень понравилась. Впечатлил, со вкусом подобранный, интерьер. Всё чисто, все пренадлежности в ванной на месте. Вовремя делалась уборка в номерах.\nЧто касается завтраков, само кафе маленькое и места всем желающим, спустившись позавтракать, не хватало. Предложенное меню, вполне вписывается в рамки предлагаемых завтраков (без изысков) стандартных гостиниц.\nВ прикреплённом фото - вид из окна.', 4, 1521268924], ['Отдыхали с мужем в этой ностинице 6 дней. Заплатили за номер стандарт 27600. Нам есть с чем сравнить и знаем как должен выглядеть отель трех звезд. \nЗаходишь в гостиницу и попадаешь в прошлое. В обычный совок. Здание старое, но можно же было позаботиться о том, чтобы создать какой-то современный вид отелю....Ну такой обычный совок. Гостиница имеет три звезды, но хочется задать вопрос о том куда смотрели те, кто эти звезды давал этой гостинице.\nЖили в номере уровня стандарт. В номере ужасно все. Кондиционера нет, телевизор старый не жк, показывает плохо, т.е. тв не кабельное. Холодильник жутко гудит и мешает спать. Обои отклеиваются, вонь в номере странная, ковровое покрытие все сплошь в старых пятнах. Плитка в ванной местами в плесени, на смесителе отваливался кусок ручки. Горничная молодец, ей плюс за чистоту и своевременную уборку. Хоть это порадовало. Кафе в гостинице маленькое, посадочных мест не хватает, а гостиница расчитанна на огромное количество людей. В кафе меню скудное, выбор маленький, но готовят вкусно, и обслуживпние хорошее, это еще один плюс. Ах, да...самый смак это вид из окна номера. А вид был на останкинскую башню, церковь и....кладбище. Дадада, кладбище. Я не думаю что нормальным людям за такие деньги, кайф смотреть на кладбище и жить в таком ужасном номере отеля, который получил свои три звезды ну явно зря.\xa0 Итого 2 балла этой гостинице.', 2, 1515328870], ['Так себе. В номере не оказалось чайника, лампочка в туалете перегорела. Не очень следят за этим. Инвентарь в номере под убитый. Ремонт шел в холле, шум дрели и пр. Как ни тянутся наши за мировым уровнем, так и не выходит', 3, 1519270241], ['Хорошая гостиница, чистые номера, хорошая ванная комната, красивый вид из окна на Останкинскую телебашню и храм, но тут же вид на кладбище)) Можно заказать еду в номер из кафе на 2 этаже. Разнообразные вкусные завтраки. В целом, достойная гостиница за эти деньги', 5, 1520871916]]"
229,Эбеве Фарма Гес.м.б.Х. Нфг КГ/пр.Онкотек Фарма Продакшн ГмбХ,,,,,,,
230,Партнер АО,55.6536521,37.5946381,ChIJITU6Ti-zSkEREcJQfX75OXU,ПАРТНЕР,,http://www.partner.com.ru/,[]
231,ГИКиМП/пр.Синтез ОАО и Медимэкс ЗАО,,,,,,,
232,Гедеон Рихтер ОАО/пр.Гедеон Рихтер Польша,55.7283426,37.6169301,ChIJp7OiFxBLtUYRAlLOfZyUKcg,Московское представительство ОАО Гедеон Рихтер (Венгрия),,http://www.g-richter.ru/,[]
233,Сандоз д.д./пр.Салютас Фарма ГмбХ/уп.Лек С.А.,,,,,,,
234,Ниармедик Плюс ООО/пр.Ниармедик Фарма ООО,55.801775,37.4578829,ChIJOdvPtl9ItUYR309GAI-8gNE,Ниармедик,3.5,http://www.nrmed.ru/,"[['Прием у Ивановой Ирины Викторовны в Ниармедике на Гамалеях прошел хорошо. Редко встретишь такого хорошего гинеколога, осматривает очень аккуратно. Если понадобятся услуги гинеколога, обращусь именно к ней.', 5, 1512408379], ['В алтуфьевском фелиале,(Москва) на клиентов кричат и затавляют принимать то что, мне например, не помогает.\nА именно это Ильязова Захида Халитовна.\nС жалобой буду обращаться так-же в выше стоящие инстанции, такие сотрудники не должны работать с пациентами!!!!', 1, 1511869323], ['Отвратительно общается контакт центр,  ничего не знают,  информацию предоставить нормально не могут, ощущение, что общаешься с регистратурой районной поликлиники,  сразу пропало всякое желание на посещение', 1, 1519116920], ['Быстрая запись и прием, тактичность,  деликатное отношение к пациентам. Если сами не могут проконсультировать - советуют, куда можно обратиться в городские клиники.', 4, 1506869197], ['Очень внимательные врачи. Работают только по прайсу, с которым можно ознакомиться заранее. Никаких ""лишних"" назначений, только необходимое.', 5, 1504446107]]"
235,Санофи-Авентис Франс/Санофи-Авентис С.П.А.,55.7673488,37.6012123,ChIJAQDMt-NKtUYRM4Emp4K--ZI,Санофи-авентис,,http://www.sanofi.ru/,[]
236,Верофарм АО/Лэнс-Фарм ООО,55.783271,37.707726,ChIJl4iGdHI1tUYRPpuMLBy-t98,Верофарм,,https://veropharm.ru/,[]
237,Алкон-Куврер Н.В. С.А.,55.8049297,37.5207385,ChIJmftiOMpJtUYRUCJqGsDBtXg,Алкон Фармацевтика,,http://moiglaza.ru/,[]
238,Домпе Фармачеутичи С.п.А,55.7180358,37.6679082,ChIJN2Q4iytLtUYRLm6Rf4FVeMk,Столица-Медикл,5.0,http://old.smed.ru/,"[['', 5, 1456161262]]"
239,Хоффманн-Ля Рош Лтд/пр.Продуктос Рош С.А. де Ц.В./уп.Ортат ЗАО,55.7664678,37.6224394,ChIJBUG51GlKtUYRhKhC6GKPnJU,"ЗАО ""Рош-Москва""",,http://roche.ru/,[]
240,Вектор-Медика ЗАО  (Новосибирск.обл),55.639519,37.525041,ChIJO2VluUhNtUYRJ3MX1U_JXsI,Вектор-Медика,,http://lipint.ru,[]
241,Шрея Лайф Сайенсиз Пвт Лтд,55.749545,37.70312699999999,ChIJhZzA0A9LtUYRKNy2RR6u9uA,Шрея Лайф Саенсиз Пвт Лтд,,http://www.shreyalife.com/,[]
242,Авентис Фарма Дойчланд ГмбХ,,,,,,,
243,А.Наттерманн энд Сие. ГмбХ,55.773166,37.52703,ChIJ-zHoPnZJtUYR8D_m_FLE-Ec,РЛС,4.2,http://www.rlsnet.ru/,"[['Проблема с парковкой.', 4, 1485465879], ['Супер!!!', 5, 1492372310], ['Поблизи с кантемироаской', 5, 1454693118], ['I & you', 5, 1457173209], ['', 5, 1502776635]]"
244,Ф.Хоффманн-Ля Рош Лтд/пр.Рош Диагностикс ГмбХ/уп.Ортат ЗАО,55.7664678,37.6224394,ChIJBUG51GlKtUYRhKhC6GKPnJU,"ЗАО ""Рош-Москва""",,http://roche.ru/,[]
245,Рузам-М,55.778944,37.4678201,ChIJxYs4f-JItUYRAHAkTmc6Rfs,Ruzam.ru/,,http://ruzam.ru/,[]
246,Новартис Фарма Штейн АГ,55.73457399999999,37.642539,ChIJveVS7eFKtUYRdVWjQEI-UOk,Novartis Pharma Services Inc,,http://novartis.ru/,[]
247,Мерк КГаА/уп.Нанолек ООО,,,,,,,
248,НПО Петровакс Фарм ООО,55.762144,37.5705989,ChIJw6CGOPCxSkERZdlGuKq0HOk,НПО Петровакс Фарм,3.4,http://petrovax.ru/,"[['', 5, 1515434329], ['', 5, 1512395138], ['', 5, 1505310583], ['', 1, 1476119208], ['', 1, 1469717919]]"
249,Ипка Лабораториз Лимитед,55.65975899999999,37.50846799999999,ChIJPzmvuxFNtUYRwUxtOrG8CWU,"ИПКА Лабораториз Лимитед, представительсто в г. Москве",,,[]
250,Берингер Ингельхайм Интернешнл ГмбХ/пр.Берингер Ингельхайм Эспана С.А.,55.822188,37.4995391,ChIJXzhChTxItUYRrZLAAkdQf_c,Берингер Ингельхайм,5.0,https://www.boehringer-ingelheim.ru/,"[['Отличная работа', 5, 1481463981], ['', 5, 1502185334]]"
251,Янтарное ООО,55.78628399999999,37.71328,ChIJfRfLoHI1tUYRkH8M2gKwIRM,Янтарная лиса ООО,4.5,http://roskoshmexa.ru/,"[['супер выбор огромный, но оптовые цены', 5, 1343757937], ['дизайнеры хорошо поработали )', 4, 1311237844]]"
252,Зеленая Дубрава ЗАО,55.7403005,37.7408623,ChIJw0jGtFC1SkERVe0FauPd_Mo,Зеленая Дубрава,5.0,http://www.mazi.ru/,"[['', 5, 1519572358]]"
253,Италфармако С.п.А.,55.74363899999999,37.586583,ChIJteSYs7FLtUYRPCw1Aiev_FE,Италфарма Ко.,,http://www.italfarmaco.ru/,[]
254,АстраЗенека ЮК Лтд/уп.ЗиО-Здоровье ЗАО/АстраЗенека Индастриз ООО,55.4107098,37.57964139999999,ChIJ4zYSmhOoSkERS3QWboOmrZg,Зио Здоровье,3.0,http://www.zio-zdorovie.ru/,"[['Современное фармацевтическое предпритие.', 5, 1516470905], ['', 2, 1508212131], ['', 2, 1361328665]]"
255,Б.Браун Мельзунген АГ,55.69696399999999,37.62131610000001,ChIJAyCa5VBLtUYRv8m3Jetvf-4,Б.браун Медикал,,http://www.bbraun.ru/,[]
256,Ципла Лтд,55.658984,37.6373439,ChIJdc7WB2uzSkERpAE4Y-RSKqI,ООО «ПРОТЕК-СВМ»,,http://protek-svm.ru/,[]
257,Сотекс ФармФирма ЗАО,55.65893999999999,37.637291,ChIJZbMm5GqzSkER0W-I7pk1bsA,Сотекс,4.0,http://www.sotex.ru/,"[['Сотекс', 4, 1494844511]]"
258,Брынцалов-А ПАО,55.684214,37.6271116,ChIJ7fU_PlizSkERe58hTrE18iE,Брынцалов-а,,http://ferain.ru/,[]
259,Биохимик ПАО,55.77651660000001,37.6306509,ChIJQ0xuCHJKtUYR0JugUbCORF0,Промомед,,http://promo-med.ru/,[]
260,Кедрион С.п.А.,55.73975000000001,37.7830579,ChIJo5zZa5zKSkERl-aVlk3Q1Xs,Лайф Фактор,,http://www.lifefactor.ru/,[]
261,Кларис Оцука Прайвит Лимитед,55.773166,37.52703,ChIJ-zHoPnZJtUYR8D_m_FLE-Ec,РЛС,4.2,http://www.rlsnet.ru/,"[['Проблема с парковкой.', 4, 1485465879], ['Супер!!!', 5, 1492372310], ['Поблизи с кантемироаской', 5, 1454693118], ['I & you', 5, 1457173209], ['', 5, 1502776635]]"
262,Ферринг Арцнаймиттель ГмбХ,55.748179,37.5839001,ChIJcxfWBLRLtUYRUD7iIwIA3TM,Ferring Pharmaceuticals,,http://www.ferring.ru/,[]
263,Нордик Фарма с.р.о./пр.Киова Хакко Когио Ко.Лтд,,,,,,,
264,Лек С+ ООО,55.78876289999999,37.7813829,ChIJAYNGsG5MtUYRKIQegK7V9Q4,Лек С+,,http://www.leksplus.ru/,[]
265,Виал ООО/пр.СиЭсПиСи Оуи Фарма,,,,,,,
266,Фарм-Синтез АО/пр.Деко Компания  ООО,55.7063446,37.6035193,ChIJV-nmvmdLtUYR-o19kBcw-xk,Фарм-синтез,,http://pharm-sintez.ru/,[]
267,Тева Чешские Предприятия с.р.о.,,,,,,,
268,Пфайзер МФГ. Бельгия Н.В./Веттер Фарма-Фертигунг ГмбХ,,,,,,,
269,Байер Фарма АГ,55.7903556,37.6599679,ChIJx76NZM1LtUYRQN7LcStjgSg,Bayer AG,4.9,https://www.bayer.ru/,"[['Офис отличный', 5, 1509259396], ['Изобретатели аспирина и всех его форм', 4, 1490791696], ['Просто офис  Bayer', 5, 1498567492], ['An awesome that serves people.', 5, 1495365414], ['', 5, 1509212205]]"
270,Красфарма ОАО,55.7376634,37.6577927,ChIJsQrpg-dKtUYR-HoJoprREHs,КРАСФАРМА,,http://kraspharma.ru/,[]
271,Лабомед-Фарма С.А./пр.Эйсика Фармасьютикалз ГмбХ,,,,,,,
272,Байер АО/пр.Шеринг-Плау Лабо Н.В.,55.9341138,37.4943909,ChIJj0X_ZXs5tUYRABtaAvydcNQ,Аптека Фотон в Долгопрудном,4.9,https://www.medlux.ru/store/1264,"[['Хочу выразить благодарность продавцу аптеки за хорошее, приятное, внимательное обслуживание. Перед тем как пойти в аптеку проверяю цены на сайте Медицина для Вас', 5, 1519725738], ['Поставила себе приложение Медицина для вас, потому что недавно оформила их скидочную карту. Узнала, что эта аптека с ними работает, сходила, проверила: скидку дают хорошую, и она увеличивается с каждой покупкой. В аптеке оказалось все, что мне нужно (можно проверить в приложении сначала). Довольна, буду покупать лекарства здесь.', 5, 1508243232], ['Мне тут коллега рассказала (по соседству живем), что в этой аптеке можно проверять наличие лекарства по сайту, чтобы лишний раз не бегать, да и не звонить – людей не отрывать от работы. Я не поверила сначала, потому что кто же будет актуальный ассортимент отслеживать? Оказалось, будут, еще как. Теперь всегда пользуюсь этой возможностью, чтобы сэкономить силы. Очень удобно, спасибо.', 5, 1501944665], ['Хотелось бы порекомендовать аптеку. Хороший персонал, аптека рядом с домом, большой выбор и цены нормальные!', 5, 1517046786], ['Всегда покупала антибиотики в аптеках без рецепта. Здесь вчера не продали. Говорят идите к врачу, правилами запрещено и тд. Лечусь этими таблетками всю жизнь, зачем мне для этого к врачу идти? В итоге пошла купила в другой аптеке.', 4, 1514031440]]"
273,Дельфарм Реймс,55.69505299999999,37.756982,ChIJbShggKy1SkERnOYCir1_4oE,Аптека 007,5.0,http://apteka007.ru/,"[['', 5, 1487079468]]"
274,Лаборатории Сервье/пр.Фармстандарт-Лексредства ОАО,,,,,,,
275,Нижфарм АО,55.73557599999999,37.62320109999999,ChIJfdsnBwNLtUYR5lPQmuVHdpc,Stada CIS,,http://stada.ru/,[]
276,Зентива а.с.,55.7676305,37.6008512,ChIJfXUVSz9KtUYRQNT2nzsvvmw,Зентива Фарма,,http://www.zentiva.ru/,[]
277,Сандоз д.д./пр.Фарма Штулльн ГмбХ/вып.Салютас Фарма ГмбХ,,,,,,,
278,"Фрезениус Каби Дойчланд ГмбХ/пр.Лабесфал Лабораториос Алмиро, С.А./уп.Биннофарм АО",,,,,,,
279,ЭкоФармИнвест ООО/пр.Фермент Фирма ООО,55.7130613,37.688721,ChIJIxJ6_9a0SkER5Oehq-81Kg8,Экофарминвест,5.0,http://www.ephi.ru/,"[['', 5, 1493049098]]"
280,Эбботт Хелскеа Продактс Б.В./пр.Майлан Лэбораториз САС,,,,,,,
281,Тева Фармацевтические Предприятия Лтд/пр.Айвэкс Фармасьютикалз Юкей,55.773166,37.52703,ChIJ-zHoPnZJtUYR8D_m_FLE-Ec,РЛС,4.2,http://www.rlsnet.ru/,"[['Проблема с парковкой.', 4, 1485465879], ['Супер!!!', 5, 1492372310], ['Поблизи с кантемироаской', 5, 1454693118], ['I & you', 5, 1457173209], ['', 5, 1502776635]]"
282,Микроген НПО ФГУП (Нижегородское ИмБио),55.737284,37.5905536,ChIJ2YvnlqVLtUYRIgUdlwvkdnE,"МИКРОГЕН, научно-производственная организация",,http://www.microgen.ru/,[]
283,Еврофарм (ЮК) Ко.Лтд/пр.Генесайенс Фармасьютикалс Ко.Лтд,55.8081971,37.5829432,ChIJ24N2wh02tUYRVvMlyaYLblI,Еврофарм,3.7,http://evropharm.ru/,"[['Провизор не консультирует по форме выпуска препаратов. Нет ""Книги жалоб и предложений"". Элементарно не знает где находятся ближайшие медучереждения.', 1, 1505403249], ['', 5, 1504804937], ['', 5, 1486486242]]"
284,Сотекс ФармФирма ЗАО/пр.Эллара ООО,55.8484568,37.45428769999999,ChIJm0SyLPhHtUYRQqEUH_oP958,"ФармАС, ООО гомеопатическая аптека",5.0,http://www.аптекафармас.рф/,"[['Пользуюсь услугами этой аптеки. Фармацевты всегда вежливые. Если препарат отсутствует закажут и всегда позвонят о его поступлении. Приятно ходить в эту аптеку.', 5, 1479734633]]"
285,Сайнтек ЗАО,55.785706,37.583986,ChIJk7FXGh5KtUYRUtOdUwazFNE,DSM Group,5.0,http://www.dsm.ru/,"[['', 5, 1509901177], ['', 5, 1494950948]]"
286,Акрихин ХФК АО,55.7966692,38.1861776,ChIJu4nq5OHPSkERVN5v6SzNWAI,Акрихин,5.0,http://www.akrikhin.ru/,"[['ЗАГОВОР или СГОВОР АПТЕК!  Врач прописал постоянно (пожизненно) принимать 3 раза в день лекарство Мерказолил. Это примерно, как диабетики без инсулина, который получают БЕСПЛАТНО жить не могут, так же и я, но только постоянно покупаю в аптеке Мерказолил, стоимостью от 25-50 рублей за 50-100 штук таблеток. Я проживаю в республике Марий Эл, город Йошкар-Ола к сожалению Мерказолил исчез из всех аптек разом. Обзвонила все аптеки города и все, как один отвечают что этого препарата у них уже давно нет, не завозят, не получают, и предлагают аналогичный импортный препарат Тирозол, но цена его ДОРОЖЕ в 7-10 раз, стоит он от 205-350 рублей за те же 50 штук таблеток. А в одной аптеке мне предложили поехать в УКРАИНУ за Мерказолилом, если я хочу покупать его по прежней цене, мотивируя тем что лекарство выпускается на Украине. А когда я ответила что у меня осталась коробочка от прежнего лекарства и там написано, что Мерказолил выпускается в России в Московской области, г. Старая Купавна, но не успела договорить.... на том конце провода бросили трубочку, раздались короткие гудки... Итак, кто мне ответит, куда обращаться, а может мне вместо импортного дорогостоящего лекарства местечко на кладбище для могилки прикупить в кредит, пенсия моя 5704,03 руб. всё равно, как доктор сказал, не будешь принимать лекарство - умрешь! ', 5, 1444569394], ['На производстве практически стерильно ?', 5, 1489393169], ['Акрихин', 5, 1488785001], ['', 5, 1462694765], ['', 5, 1457116395]]"
287,Бакстер Хелскеа Корпорейшн/пр.Бакстер Хелскэа Пуэрто-Рико,,,,,,,
288,Фармцентр ВИЛАР ЗАО,55.5670314,37.569966,ChIJfc2KK7qtSkERmQNGKtfCpNU,Фармцентр Вилар,5.0,http://www.vilar-plant.ru/,"[['', 5, 1371336165]]"
289,Шицячжуан Фарма Вейшинг Фармасеутикал,,,,,,,
290,Рудаз ПКФ,55.773166,37.52703,ChIJ-zHoPnZJtUYR8D_m_FLE-Ec,РЛС,4.2,http://www.rlsnet.ru/,"[['Проблема с парковкой.', 4, 1485465879], ['Супер!!!', 5, 1492372310], ['Поблизи с кантемироаской', 5, 1454693118], ['I & you', 5, 1457173209], ['', 5, 1502776635]]"
291,ЕСКО Фарма ООО/пр.ЭкоФармПлюс ЗАО,55.7193634,37.6265883,ChIJ1xKKCBZLtUYRGwyX_KhLurQ,ESKO PHARMA,,http://eskopharma.ru/index.php/ru/,[]
292,Касторсервис ООО,55.703595,37.7436408,ChIJvdmABgS1SkERLMz-Mtw3REU,Поставщик.ПРО,,http://postavshik.pro/,[]
293,АстраЗенека АБ/уп.АстраЗенека Индастриз ООО,55.776121,37.553687,ChIJOSu734VJtUYRhdkOc2ECKrw,Астразенека,4.2,http://www.astrazeneca.ru/,"[['Отличный офис ""AstraZeneca"" - БЦ ""Nordstar Tower""', 5, 1497875672], ['Company AstraZeneca not yet participated at the Conference Pharmacosmos in Moscow 2016-2017 ?', 5, 1473421995], ['', 1, 1513609139], ['', 5, 1507020666], ['', 5, 1493729121]]"
294,К.О.Ромфарм Компани С.р.Л.,55.7264433,37.3993873,ChIJ30Hy2PtOtUYRwCnaSntJXBw,РОМФАРМА,,http://www.romfarma.ru/,[]
295,Джапан Био Продактс Индастри Ко.Лтд,,,,,,,
296,Мерц Фарма ГмбХ/пр.Урсафарм Арцнаймиттель ГмбХ,,,,,,,
297,Московский эндокринный завод ФГУП,55.7264168,37.7174996,ChIJBW-HVze1SkERmWo9580bjhU,Московский эндокринный завод,5.0,http://endopharm.ru/,"[['???', 5, 1475556130], ['', 5, 1458725125], ['', 5, 1453373197], ['', 5, 1445270151], ['', 5, 1327060348]]"
298,"Фрезениус Каби Дойчланд ГмбХ/пр.Лабесфал Лабораториос Алмиро, С.А.",,,,,,,
299,Барнаульский завод медпрепаратов ООО,55.91795699999999,37.3993459,ChIJmSbw8aY_tUYRMwI1ASuUhxY,Катрен,2.9,,"[['Мне нравится компания и люди с которыми я работаю. Все трудяжки. Много хороших спецов ушло, но вряд ли забудут Катрен! Я тоже с грустью и любовью вспоминаю их.', 5, 1506405365], ['Спросил у сторожа (охранник) где туалет.\nОн объяснил, хотя около него в подъезде есть туалет.\nНашёл по его объяснениям и сразу вернулся к этому говноеду-сторожу с ""благодарностью""\nУВАЖАЕМЫЕ ГОСПОДА РУКОВОДИТЕЛИ\nВЫ КОГДА ЭТИХ ДЕБИЛОВ СТОРОЖЕЙ БЕРЁТЕ НА РАБОТУ СПРАВТЕСЬ О ЕГО ПОЛНОЦЕННОСТИ!!!\nИли смените сторожей и туалетные кабинки!!!\n', 1, 1499248652], ['Отгрузки можно ждать сутки; даже если у вас 2 коробки - будете ждать очереди за фурами. График условен: на ворота поставят по графику, а когда отгрузят - хз. Связаться с приемкой теперь нельзя. Да и вообще хрен кому пожалуешься. Гвоздь программы - сортир для водителей: засратая до невозможности кабинка, куда тошно зайти.', 1, 1474468167], ['Ночью подъехал показал накладную зарегистрировался и запустили на стоянку  утром здал документы и остальное всё по эсемеске ворота дают выгрузят тоже смску отправят за документами тоже смску скинут только туалет на улице био отвратительный ', 4, 1467874608], ['', 1, 1500654793]]"
300,Хемофарм АД/пр.Хемомонт Д.О.О/уп.Медсинтез завод ООО (г.Екатеринбург),,,,,,,
301,Зентива к.с. Чехия/пр.Санека Фармасьютикалс а.с.,,,,,,,
302,Фармапол-Волга ООО/пр.Озон ООО,,,,,,,
303,Такеда Фармасьютикалс ООО/пр.Такеда ГмбХ,55.730911,37.5766429,ChIJSefogZhLtUYRt0-leiY5nVo,"ООО ""Такеда Фармасьютикалс""",4.9,http://www.takeda.com.ru/,"[['Компактный современный бизнес центр со всеми атрибутами', 4, 1513776159], ['Я тут работаю и всем советую) ', 5, 1480453030], ['', 5, 1514494818], ['', 5, 1510307570], ['', 5, 1492264918]]"
304,Фармацевтический комбинат ЗАО,55.727494,37.44964909999999,ChIJI4yfn75OtUYRGG4VQOaQWXs,"Фармацевтический завод ""Эгис""",,http://www.egis.ru/,[]
305,ЮСБ Фарма С.А.,55.7505536,37.5393727,ChIJYzPv99tLtUYRalBsxwU0Yuo,ЮСБ Фарма,,http://ucbrussia.ru/,[]
306,Виал ООО/пр.Цзевим Фармасьютикал (Шандунь) Ко.Лтд,,,,,,,
307,Унимед Фарма с.р.о.,,,,,,,
308,Тева Фармацевтические Предприятия Лтд/пр.Тева ООО,55.7294407,37.62600669999999,ChIJkbo1cRJLtUYRMGRLo57JCGQ,Тева,,http://utrinos.ru/,[]
309,Новартис Консьюмер Хелс С.А.,55.7466852,37.5373814,ChIJ-dskp91LtUYR3RHG_D4cHSE,Новартис Консьюмер,1.0,https://www.novartis.ru/,"[['', 1, 1321486984]]"
310,Авексима ОАО/пр.Ирбитский ХФЗ ОАО,55.78364,37.5600171,ChIJJ6kwNYxJtUYRzA_kvmsKLi0,ОАО «Авексима»,,http://avexima.ru/,[]
311,Д-р Фальк Фарма ГмбХ/пр.Вифор АГ,55.788142,37.5893299,ChIJAQAAAGdKtUYRLENRd5MZgUA,Др. Фальк Фарма ГмбХ,,http://www.drfalkpharma.ru/,[]
312,Фармак ОАО,55.712458,37.42538280000001,ChIJwfdBT4lOtUYRlvmtgXtPoYc,"ФАРМАК, фармацевтическая компания",,http://farmak.ua/,[]
313,Фармстандарт-Лексредства ОАО,55.9211488,37.5273201,ChIJgTkLbY85tUYRjy6a50nTqAQ,ФАРМСТАНДАРТ,2.4,https://pharmstd.ru/,"[['Эти ребята класс! По роду работы приходится сталкиваться с ними,они даже на складе работать не хотят!!! Работают одни пенсионеры,и люди пред пенсионного возраста!!!сами не работают и другим не дают!!!', 1, 1508333046], ['Кларисенс. Почему в упаковке из 30 таблеток по 10 мг (цена 115 р 50 коп), содержаться только 28 таблеток? Тут в принципе дело, не в деньгах. Покупатель должен знать, что не получит ""кота в мешке"".    \nНа сайте обратная связь не работает. В поле где должны стоять предлагаемые цифры -стоят слова (Например вместо 33, стоит Tri Tri), пробовала вводить и цифрами и буквами- сообщение не уходит.\nПрошу ответить.', 2, 1407821403], ['Уважаемые друзья! Купил Ваш спрей, а применить не могу - он почти совсем не брызгается. Видимо, в упаковке (баллоне) есть брак. По обратной связи не смог Вам написать - сообщает, что неверно написаны цифры. Перепробовал все варианты - писал цифрами, буквами (кириллицей и латынью) - ничего не прошло. Вероятно, Вы сделали эти трудности не случайно.', 2, 1365786770], ['я вегетарианка, купила компливит, прочла в инструкции в списке вспомогательных веществ -желатин, и пришлось сразу же выбросить в мусор и вынести. Как жаль потраченных денег, пусть и небольших. ', 1, 1409158362], ['Дно', 1, 1503638268]]"
314,Берлин-Хеми/Менарини Фарма ГмбХ,55.7194362,37.6119539,ChIJv0hf4BJLtUYRBpKJcntekR0,Берлин-хеми,,http://www.berlin-chemie.ru/,[]
315,Камелия НПП ООО (г.Москва),55.8445743,37.57652150000001,ChIJKzS_K002tUYRZxxL-iToPFE,"КАМЕЛИЯ, научно производственная компания",,http://kamelia.ru/index/0-2,[]
316,Иннотера Шузи,,,,,,,
317,"КРКА, д.д., Ново место/пр.Софаримекс-Индустрия Кимика э Фармасуэтика Лда",,,,,,,
318,Гедеон Рихтер ОАО,55.7283426,37.6169301,ChIJp7OiFxBLtUYRAlLOfZyUKcg,Московское представительство ОАО Гедеон Рихтер (Венгрия),,http://www.g-richter.ru/,[]
319,Бристол-Майерс Сквибб,55.76165349999999,37.65857219999999,ChIJvS5sNolKtUYR0TfMFpYvPcU,Бристол-Майерс Сквибб,5.0,http://b-ms.ru/,"[['', 5, 1473797568], ['', 5, 1457254571]]"
320,Мерк Сантэ c.а.c./уп.Нанолек ООО,,,,,,,
321,Пфайзер Инк/пр.Пфайзер Айрлэнд Фармасьютикалз/уп.Петровакс Фарм НПО,55.762144,37.5705989,ChIJw6CGOPCxSkERZdlGuKq0HOk,НПО Петровакс Фарм,3.4,http://petrovax.ru/,"[['', 5, 1515434329], ['', 5, 1512395138], ['', 5, 1505310583], ['', 1, 1476119208], ['', 1, 1469717919]]"
322,Эбеве Фарма Гес.м.б.Х. Нфг КГ,55.7885929,37.58869519999999,ChIJd22kARNKtUYR_15_VenR82g,Эбеве Фарма,,https://www.rlsnet.ru/firm_index_id_404.htm,[]
323,Усолье-Сибирский ХФЗ ОАО,55.773166,37.52703,ChIJ-zHoPnZJtUYR8D_m_FLE-Ec,РЛС,4.2,http://www.rlsnet.ru/,"[['Проблема с парковкой.', 4, 1485465879], ['Супер!!!', 5, 1492372310], ['Поблизи с кантемироаской', 5, 1454693118], ['I & you', 5, 1457173209], ['', 5, 1502776635]]"
324,АЛСИ Фарма ЗАО,55.788112,37.618233,ChIJF-Pu0AhKtUYRMRDoV0f0WPI,Алси фарма,3.0,http://www.alsi.ru/,"[['Хорошо бы таблетки делать продолговатыми-тяжело глотать.', 3, 1410376834]]"
